"운행일자","정산사업자","정류장아이디","정류장명","읍면동코드(법정동)","읍면동명(법정동)","모바일아이디"
"2025-06-13","이동의즐거움","4240010","남춘천역","5111012300","퇴계동","정보없음"
"2025-06-13","이동의즐거움","4240020","남춘천역","5111012300","퇴계동","정보없음"
"2025-06-13","이동의즐거움","4240238","퇴계농공단지입구","5111012300","퇴계동","정보없음"
"2025-06-13","이동의즐거움","4240783","광판1리_보건소","5111040022","남산면","정보없음"
"2025-06-13","이동의즐거움","4241510","춘천시외버스터미널","5111012100","온의동","정보없음"
"2025-06-13","이동의즐거움","4241514","신동면사무소앞","5111033024","신동면","정보없음"
"2025-06-13","이동의즐거움","4241515","신동면사무소앞","5111033024","신동면","정보없음"
"2025-06-13","이동의즐거움","4241682","광판초교","5111040022","남산면","정보없음"
"2025-06-13","이동의즐거움","4242210","화성주유소","5111012300","퇴계동","정보없음"
"2025-06-13","이동의즐거움","4242213","화성주유소","5111012300","퇴계동","정보없음"
"2025-06-13","이동의즐거움","4240001","강촌역입구","5111040026","남산면","정보없음"
"2025-06-13","이동의즐거움","4240002","강촌역입구","5111040026","남산면","정보없음"
"2025-06-13","이동의즐거움","4240003","강촌역","5111040027","남산면","정보없음"
"2025-06-13","이동의즐거움","4240004","강촌역","5111040026","남산면","정보없음"
"2025-06-13","이동의즐거움","4240005","성신양회","5111011700","근화동","정보없음"
"2025-06-13","이동의즐거움","4240006","굴봉산역","5111040029","남산면","정보없음"
"2025-06-13","이동의즐거움","4240007","굴봉산역","5111040029","남산면","정보없음"
"2025-06-13","이동의즐거움","4240008","백양리역","5111040029","남산면","정보없음"
"2025-06-13","이동의즐거움","4240010","남춘천역","5111012300","퇴계동","정보없음"
"2025-06-13","이동의즐거움","4240011","당간지주입구","5111011700","근화동","정보없음"
"2025-06-13","이동의즐거움","4240012","당간지주입구","5111011700","근화동","정보없음"
"2025-06-13","이동의즐거움","4240013","효자교","5111011200","효자동","정보없음"
"2025-06-13","이동의즐거움","4240014","퇴계일성A","5111012300","퇴계동","정보없음"
"2025-06-13","이동의즐거움","4240015","퇴계일성A","5111012300","퇴계동","정보없음"
"2025-06-13","이동의즐거움","4240016","효자교","5111011200","효자동","정보없음"
"2025-06-13","이동의즐거움","4240017","춘천역","5111011700","근화동","정보없음"
"2025-06-13","이동의즐거움","4240018","소양강처녀상","5111011700","근화동","정보없음"
"2025-06-13","이동의즐거움","4240019","소양강처녀상","5111011300","소양로1가","정보없음"
"2025-06-13","이동의즐거움","4240020","남춘천역","5111012300","퇴계동","정보없음"
"2025-06-13","이동의즐거움","4240021","호반베르디움","5111039021","동내면","정보없음"
"2025-06-13","이동의즐거움","4240022","금대울","5111031022","동면","정보없음"
"2025-06-13","이동의즐거움","4240023","여우고개사거리","5111012800","신동","정보없음"
"2025-06-13","이동의즐거움","4240024","여우고개사거리","5111012800","신동","정보없음"
"2025-06-13","이동의즐거움","4240025","홈플러스","5111012300","퇴계동","정보없음"
"2025-06-13","이동의즐거움","4240026","우두사거리","5111011800","우두동","정보없음"
"2025-06-13","이동의즐거움","4240027","우두사거리","5111011800","우두동","정보없음"
"2025-06-13","이동의즐거움","4240028","농산물도매시장","5111011900","사농동","정보없음"
"2025-06-13","이동의즐거움","4240029","농산물도매시장","5111011900","사농동","정보없음"
"2025-06-13","이동의즐거움","4240030","봉명1리1반","5111032022","동산면","정보없음"
"2025-06-13","이동의즐거움","4240032","봉명2리","5111032022","동산면","정보없음"
"2025-06-13","이동의즐거움","4240034","봉의A","5111012000","후평동","정보없음"
"2025-06-13","이동의즐거움","4240035","봉의A","5111012000","후평동","정보없음"
"2025-06-13","이동의즐거움","4240036","봉의중학교","5111011200","효자동","정보없음"
"2025-06-13","이동의즐거움","4240037","봉의중학교","5111011200","효자동","정보없음"
"2025-06-13","이동의즐거움","4240038","봉의초교","5111011100","약사동","정보없음"
"2025-06-13","이동의즐거움","4240136","교대부설초교","5111011200","효자동","정보없음"
"2025-06-13","이동의즐거움","4240137","북산면행복센터","5111038025","북산면","정보없음"
"2025-06-13","이동의즐거움","4240138","북산면행복센터","5111038025","북산면","정보없음"
"2025-06-13","이동의즐거움","4240139","보타사입구","5111012600","칠전동","정보없음"
"2025-06-13","이동의즐거움","4240140","보타사입구","5111012600","칠전동","정보없음"
"2025-06-13","이동의즐거움","4240141","사농현대A","5111011900","사농동","정보없음"
"2025-06-13","이동의즐거움","4240142","우두로입구","5111011900","사농동","정보없음"
"2025-06-13","이동의즐거움","4240143","우두로입구","5111011900","사농동","정보없음"
"2025-06-13","이동의즐거움","4240144","사대부고","5111012000","후평동","정보없음"
"2025-06-13","이동의즐거움","4240145","사북면행복센터","5111036021","사북면","정보없음"
"2025-06-13","이동의즐거움","4240146","석사삼익A","5111012400","석사동","정보없음"
"2025-06-13","이동의즐거움","4240147","석사A","5111011200","효자동","정보없음"
"2025-06-13","이동의즐거움","4240148","석사A","5111012400","석사동","정보없음"
"2025-06-13","이동의즐거움","4240149","남부지구대","5111012400","석사동","정보없음"
"2025-06-13","이동의즐거움","4240150","남부지구대","5111012400","석사동","2111"
"2025-06-13","이동의즐거움","4240151","퇴계현대3차","5111012400","석사동","정보없음"
"2025-06-13","이동의즐거움","4240152","봄내초교","5111012400","석사동","정보없음"
"2025-06-13","이동의즐거움","4240153","설미종점","5111033022","신동면","정보없음"
"2025-06-13","이동의즐거움","4240154","현진에버빌2차","5111012400","석사동","정보없음"
"2025-06-13","이동의즐거움","4240155","성림초등학교","5111012400","석사동","정보없음"
"2025-06-13","이동의즐거움","4240156","한림대학교","5111012200","교동","정보없음"
"2025-06-13","이동의즐거움","4240157","성원초등학교","5111012300","퇴계동","정보없음"
"2025-06-13","이동의즐거움","4240158","세경3차","5111012000","후평동","정보없음"
"2025-06-13","이동의즐거움","4240159","초록지붕6차","5111012000","후평동","정보없음"
"2025-06-13","이동의즐거움","4240160","초록지붕8차","5111012000","후평동","정보없음"
"2025-06-13","이동의즐거움","4240161","사우사거리","5111011800","우두동","정보없음"
"2025-06-13","이동의즐거움","4240162","소양2교","5111011800","우두동","정보없음"
"2025-06-13","이동의즐거움","4240163","소양강댐사택","5111025022","신북읍","정보없음"
"2025-06-13","이동의즐거움","4240164","소양강댐사택","5111025022","신북읍","2095"
"2025-06-13","이동의즐거움","4240165","소양강댐정상","5111025022","신북읍","2094"
"2025-06-13","이동의즐거움","4240166","소양강댐주차장","5111025022","신북읍","정보없음"
"2025-06-13","이동의즐거움","4240167","소양로1가","5111011300","소양로1가","정보없음"
"2025-06-13","이동의즐거움","4240169","소양로2가","5111011400","소양로2가","정보없음"
"2025-06-13","이동의즐거움","4240172","소양중학교","5111011900","사농동","정보없음"
"2025-06-13","이동의즐거움","4240173","소양초교","5111011800","우두동","정보없음"
"2025-06-13","이동의즐거움","4240174","소양초교","5111011800","우두동","정보없음"
"2025-06-13","이동의즐거움","4240176","등선폭포주차장","5111035028","서면","정보없음"
"2025-06-13","이동의즐거움","4240177","지암초교","5111036026","사북면","정보없음"
"2025-06-13","이동의즐거움","4240178","지암초교","5111036026","사북면","정보없음"
"2025-06-13","이동의즐거움","4240179","한국국토정보공사","5111012000","후평동","정보없음"
"2025-06-13","이동의즐거움","4240180","우미린후문","5111012000","후평동","정보없음"
"2025-06-13","이동의즐거움","4240183","지촌3리","5111036022","사북면","정보없음"
"2025-06-13","이동의즐거움","4240184","지촌3리","5111036022","사북면","정보없음"
"2025-06-13","이동의즐거움","4240185","현지사","5111036022","사북면","정보없음"
"2025-06-13","이동의즐거움","4240186","청구_진흥A","5111012400","석사동","정보없음"
"2025-06-13","이동의즐거움","4240187","창촌1리","5111040025","남산면","정보없음"
"2025-06-13","이동의즐거움","4240188","창촌3거리","5111040025","남산면","정보없음"
"2025-06-13","이동의즐거움","4240189","창촌3거리","5111040025","남산면","정보없음"
"2025-06-13","이동의즐거움","4240195","충인교회","5111012000","후평동","정보없음"
"2025-06-13","이동의즐거움","4240196","신한은행후평동지점","5111012000","후평동","정보없음"
"2025-06-13","이동의즐거움","4240197","(구)102보충대","5111025027","신북읍","1515"
"2025-06-13","이동의즐거움","4240198","(구)102보충대","5111025027","신북읍","1514"
"2025-06-13","이동의즐거움","4240199","팔호광장","5111011200","효자동","정보없음"
"2025-06-13","이동의즐거움","4240229","오항리종점","5111038025","북산면","1637"
"2025-06-13","이동의즐거움","4240230","추곡1리3반","5111038024","북산면","정보없음"
"2025-06-13","이동의즐거움","4240237","온의사거리","5111012100","온의동","정보없음"
"2025-06-13","이동의즐거움","4240238","퇴계농공단지입구","5111012300","퇴계동","정보없음"
"2025-06-13","이동의즐거움","4240239","휴먼타운A","5111012400","석사동","정보없음"
"2025-06-13","이동의즐거움","4240240","은행나무공원","5111012100","온의동","정보없음"
"2025-06-13","이동의즐거움","4240241","럭키아파트후문","5111012100","온의동","정보없음"
"2025-06-13","이동의즐거움","4240242","시외버스터미널","5111012100","온의동","정보없음"
"2025-06-13","이동의즐거움","4240243","하사관주택","5111012500","삼천동","정보없음"
"2025-06-13","이동의즐거움","4240244","88공원","5111012100","온의동","정보없음"
"2025-06-13","이동의즐거움","4240245","칠전동사거리","5111012600","칠전동","정보없음"
"2025-06-13","이동의즐거움","4240248","삼악호수케이블카","5111012500","삼천동","정보없음"
"2025-06-13","이동의즐거움","4240250","김유정문학촌","5111033024","신동면","정보없음"
"2025-06-13","이동의즐거움","4240259","덕두원2리","5111035028","서면","정보없음"
"2025-06-13","이동의즐거움","4240261","새말교","5111035029","서면","2149"
"2025-06-13","이동의즐거움","4240264","방동1리","5111035027","서면","정보없음"
"2025-06-13","이동의즐거움","4240267","등선폭포","5111035028","서면","정보없음"
"2025-06-13","이동의즐거움","4240268","강촌유원지","5111040027","남산면","1465"
"2025-06-13","이동의즐거움","4240269","강촌검문소","5111035029","서면","정보없음"
"2025-06-13","이동의즐거움","4240270","강촌리","5111040027","남산면","정보없음"
"2025-06-13","이동의즐거움","4240290","장절공","5111035027","서면","정보없음"
"2025-06-13","이동의즐거움","4240291","방동2리","5111035027","서면","정보없음"
"2025-06-13","이동의즐거움","4240302","(구)상걸초","5111031030","동면","정보없음"
"2025-06-13","이동의즐거움","4240305","고성2리(용화산입구)","5111036028","사북면","정보없음"
"2025-06-13","이동의즐거움","4240311","운전면허시험장","5111025024","신북읍","정보없음"
"2025-06-13","이동의즐거움","4240312","면허시험장입구","5111025024","신북읍","정보없음"
"2025-06-13","이동의즐거움","4240313","춘천한샘고등학교","5111025021","신북읍","정보없음"
"2025-06-13","이동의즐거움","4240314","항공대정문","5111025021","신북읍","정보없음"
"2025-06-13","이동의즐거움","4240315","천전2리","5111025022","신북읍","1557"
"2025-06-13","이동의즐거움","4240317","지내1리(옥광산입구)","5111031021","동면","정보없음"
"2025-06-13","이동의즐거움","4240321","용산1리","5111025027","신북읍","1619"
"2025-06-13","이동의즐거움","4240323","신매1리","5111035024","서면","정보없음"
"2025-06-13","이동의즐거움","4240324","지내1리마을회관","5111025026","신북읍","정보없음"
"2025-06-13","이동의즐거움","4240326","월송1리","5111035026","서면","정보없음"
"2025-06-13","이동의즐거움","4240327","신동보급대","5111011900","사농동","정보없음"
"2025-06-13","이동의즐거움","4240328","화목원","5111011900","사농동","정보없음"
"2025-06-13","이동의즐거움","4240329","서춘천농협","5111035023","서면","정보없음"
"2025-06-13","이동의즐거움","4240330","인형극장","5111011900","사농동","정보없음"
"2025-06-13","이동의즐거움","4240332","현지사","5111036022","사북면","정보없음"
"2025-06-13","이동의즐거움","4240334","사북우체국","5111036022","사북면","정보없음"
"2025-06-13","이동의즐거움","4240335","사북우체국","5111036022","사북면","정보없음"
"2025-06-13","이동의즐거움","4240336","사암1리","5111039024","동내면","정보없음"
"2025-06-13","이동의즐거움","4240338","사암1리","5111039024","동내면","정보없음"
"2025-06-13","이동의즐거움","4240402","사암3리","5111039024","동내면","정보없음"
"2025-06-13","이동의즐거움","4240403","사암4리","5111039025","동내면","정보없음"
"2025-06-13","이동의즐거움","4240404","사암4리종점","5111039024","동내면","정보없음"
"2025-06-13","이동의즐거움","4240406","(구)싸이클경기장","5111012500","삼천동","정보없음"
"2025-06-13","이동의즐거움","4240408","산수빌A","5111039022","동내면","정보없음"
"2025-06-13","이동의즐거움","4240409","산수빌A","5111039022","동내면","정보없음"
"2025-06-13","이동의즐거움","4240410","산천1리","5111025024","신북읍","정보없음"
"2025-06-13","이동의즐거움","4240412","산천1리","5111025024","신북읍","정보없음"
"2025-06-13","이동의즐거움","4240413","산천1리","5111025024","신북읍","정보없음"
"2025-06-13","이동의즐거움","4240415","의암댐","5111035028","서면","정보없음"
"2025-06-13","이동의즐거움","4240417","여우고개삼거리","5111011800","우두동","정보없음"
"2025-06-13","이동의즐거움","4240418","여우고개삼거리","5111011800","우두동","정보없음"
"2025-06-13","이동의즐거움","4240419","삼천동사거리","5111012500","삼천동","정보없음"
"2025-06-13","이동의즐거움","4240423","상걸1리","5111031030","동면","정보없음"
"2025-06-13","이동의즐거움","4240425","상걸리보건진료소","5111031030","동면","정보없음"
"2025-06-13","이동의즐거움","4240426","상걸리종점","5111031030","동면","정보없음"
"2025-06-13","이동의즐거움","4240429","상천초등학교","5111025022","신북읍","정보없음"
"2025-06-13","이동의즐거움","4240430","증4리","5111033024","신동면","정보없음"
"2025-06-13","이동의즐거움","4240431","새마을고개","5111011200","효자동","정보없음"
"2025-06-13","이동의즐거움","4240432","새마을고개","5111011200","효자동","정보없음"
"2025-06-13","이동의즐거움","4240434","새술막","5111032023","동산면","정보없음"
"2025-06-13","이동의즐거움","4240436","서면행정복지센터","5111035022","서면","정보없음"
"2025-06-13","이동의즐거움","4240437","서면행정복지센터","5111035022","서면","정보없음"
"2025-06-13","이동의즐거움","4240439","서면치안센터","5111035023","서면","정보없음"
"2025-06-13","이동의즐거움","4240440","서부시장","5111011400","소양로2가","정보없음"
"2025-06-13","이동의즐거움","4240441","서상1리종점","5111035024","서면","정보없음"
"2025-06-13","이동의즐거움","4240443","서상초교","5111035023","서면","정보없음"
"2025-06-13","이동의즐거움","4240445","서천1리","5111040028","남산면","정보없음"
"2025-06-13","이동의즐거움","4240448","서천리","5111040028","남산면","정보없음"
"2025-06-13","이동의즐거움","4240449","서춘천농협","5111035023","서면","정보없음"
"2025-06-13","이동의즐거움","4240450","석갓","5111035024","서면","정보없음"
"2025-06-13","이동의즐거움","4240452","석사2지구A","5111012400","석사동","정보없음"
"2025-06-13","이동의즐거움","4240453","석사4거리","5111012400","석사동","정보없음"
"2025-06-13","이동의즐거움","4240454","석사교회","5111012400","석사동","정보없음"
"2025-06-13","이동의즐거움","4240455","석사극동A","5111039021","동내면","정보없음"
"2025-06-13","이동의즐거움","4240456","석사극동A","5111012400","석사동","정보없음"
"2025-06-13","이동의즐거움","4240457","석사대우A","5111012400","석사동","정보없음"
"2025-06-13","이동의즐거움","4240458","석사동행복센터","5111012400","석사동","정보없음"
"2025-06-13","이동의즐거움","4240459","석사동행복센터","5111012400","석사동","정보없음"
"2025-06-13","이동의즐거움","4240460","석사부영A","5111012400","석사동","정보없음"
"2025-06-13","이동의즐거움","4240461","석사사거리","5111012400","석사동","정보없음"
"2025-06-13","이동의즐거움","4240465","강원도농업기술원","5111025024","신북읍","정보없음"
"2025-06-13","이동의즐거움","4240466","충렬탑입구","5111011800","우두동","정보없음"
"2025-06-13","이동의즐거움","4240467","충렬탑입구","5111011800","우두동","정보없음"
"2025-06-13","이동의즐거움","4240469","칠전대우A","5111012600","칠전동","정보없음"
"2025-06-13","이동의즐거움","4240470","칠전동","5111012600","칠전동","정보없음"
"2025-06-13","이동의즐거움","4240471","칠전동고개","5111012600","칠전동","정보없음"
"2025-06-13","이동의즐거움","4240473","크로바A","5111012000","후평동","정보없음"
"2025-06-13","이동의즐거움","4240474","크로바A","5111012000","후평동","정보없음"
"2025-06-13","이동의즐거움","4240478","토우시장","5111012000","후평동","정보없음"
"2025-06-13","이동의즐거움","4240479","토우시장","5111012000","후평동","정보없음"
"2025-06-13","이동의즐거움","4240480","퇴계금호A","5111012300","퇴계동","정보없음"
"2025-06-13","이동의즐거움","4240482","남부초교","5111012300","퇴계동","1134"
"2025-06-13","이동의즐거움","4240483","퇴계동입구","5111012300","퇴계동","1133"
"2025-06-13","이동의즐거움","4240484","퇴계우성A","5111012300","퇴계동","정보없음"
"2025-06-13","이동의즐거움","4240485","퇴계우체국","5111012300","퇴계동","정보없음"
"2025-06-13","이동의즐거움","4240486","퇴계주공1차","5111012300","퇴계동","정보없음"
"2025-06-13","이동의즐거움","4240487","퇴계주공3_4차","5111012400","석사동","정보없음"
"2025-06-13","이동의즐거움","4240488","퇴계주공4차","5111012400","석사동","정보없음"
"2025-06-13","이동의즐거움","4240489","퇴계주공4차","5111012400","석사동","정보없음"
"2025-06-13","이동의즐거움","4240490","퇴계주공6차","5111012300","퇴계동","정보없음"
"2025-06-13","이동의즐거움","4240491","퇴계주공6차","5111012300","퇴계동","정보없음"
"2025-06-13","이동의즐거움","4240492","현암리","5111035021","서면","정보없음"
"2025-06-13","이동의즐거움","4240493","퇴계주공6차A","5111012300","퇴계동","정보없음"
"2025-06-13","이동의즐거움","4240494","퇴계주공7단지","5111012300","퇴계동","정보없음"
"2025-06-13","이동의즐거움","4240495","퇴계주공9차","5111012300","퇴계동","정보없음"
"2025-06-13","이동의즐거움","4240496","춘천고용복지센터","5111012400","석사동","정보없음"
"2025-06-13","이동의즐거움","4240497","퇴계한주A","5111012300","퇴계동","정보없음"
"2025-06-13","이동의즐거움","4240498","홈플러스","5111012300","퇴계동","정보없음"
"2025-06-13","이동의즐거움","4240500","한진한성","5111012300","퇴계동","정보없음"
"2025-06-13","이동의즐거움","4240501","퇴계현대1차","5111012300","퇴계동","정보없음"
"2025-06-13","이동의즐거움","4240502","퇴계현대1차","5111012300","퇴계동","정보없음"
"2025-06-13","이동의즐거움","4240503","투탑시티","5111012300","퇴계동","정보없음"
"2025-06-13","이동의즐거움","4240506","탑골","5111040022","남산면","정보없음"
"2025-06-13","이동의즐거움","4240511","증3리","5111033024","신동면","정보없음"
"2025-06-13","이동의즐거움","4240512","로데오거리","5111012400","석사동","정보없음"
"2025-06-13","이동의즐거움","4240513","퇴계우성A","5111012300","퇴계동","정보없음"
"2025-06-13","이동의즐거움","4240514","뜨란채A","5111012300","퇴계동","정보없음"
"2025-06-13","이동의즐거움","4240517","원창고개입구","5111039025","동내면","정보없음"
"2025-06-13","이동의즐거움","4240518","휴먼시아2차","5111012300","퇴계동","정보없음"
"2025-06-13","이동의즐거움","4240520","성신양회","5111011700","근화동","정보없음"
"2025-06-13","이동의즐거움","4240521","사농현대A","5111011900","사농동","정보없음"
"2025-06-13","이동의즐거움","4240523","강원체고앞","5111012700","송암동","정보없음"
"2025-06-13","이동의즐거움","4240524","용산1리","5111025027","신북읍","1326"
"2025-06-13","이동의즐거움","4240525","용산1리","5111012800","신동","1325"
"2025-06-13","이동의즐거움","4240528","용산2리","5111025027","신북읍","정보없음"
"2025-06-13","이동의즐거움","4240531","신포리","5111036021","사북면","정보없음"
"2025-06-13","이동의즐거움","4240533","지암리","5111036026","사북면","정보없음"
"2025-06-13","이동의즐거움","4240535","지암리","5111036026","사북면","정보없음"
"2025-06-13","이동의즐거움","4240536","눈썰매장입구","5111036026","사북면","정보없음"
"2025-06-13","이동의즐거움","4240537","해피초원목장","5111036027","사북면","정보없음"
"2025-06-13","이동의즐거움","4240540","인형극장","5111011900","사농동","정보없음"
"2025-06-13","이동의즐거움","4240610","기계공고","5111012000","후평동","정보없음"
"2025-06-13","이동의즐거움","4240611","춘천기계공고","5111012000","후평동","정보없음"
"2025-06-13","이동의즐거움","4240613","기계공고","5111012000","후평동","정보없음"
"2025-06-13","이동의즐거움","4240657","강원생명과학고","5111011900","사농동","정보없음"
"2025-06-13","이동의즐거움","4240658","춘천농협","5111011400","소양로2가","정보없음"
"2025-06-13","이동의즐거움","4240659","춘천농협","5111011500","소양로3가","정보없음"
"2025-06-13","이동의즐거움","4240661","춘천댐종점","5111035025","서면","정보없음"
"2025-06-13","이동의즐거움","4240662","박물관앞","5111012400","석사동","정보없음"
"2025-06-13","이동의즐거움","4240663","춘천박물관","5111012400","석사동","정보없음"
"2025-06-13","이동의즐거움","4240672","광판1리","5111040022","남산면","정보없음"
"2025-06-13","이동의즐거움","4240679","박암리","5111034022","남면","정보없음"
"2025-06-13","이동의즐거움","4240680","후동1리","5111034025","남면","정보없음"
"2025-06-13","이동의즐거움","4240681","창촌3리","5111040025","남산면","정보없음"
"2025-06-13","이동의즐거움","4240683","창촌1리","5111040025","남산면","정보없음"
"2025-06-13","이동의즐거움","4240687","상걸교","5111031030","동면","정보없음"
"2025-06-13","이동의즐거움","4240693","조양2리","5111032021","동산면","정보없음"
"2025-06-13","이동의즐거움","4240694","정족1리입구","5111033025","신동면","1259"
"2025-06-13","이동의즐거움","4240698","증2리","5111033024","신동면","정보없음"
"2025-06-13","이동의즐거움","4240699","정족1리입구","5111033025","신동면","정보없음"
"2025-06-13","이동의즐거움","4240704","발산2리(치안센터)","5111034024","남면","정보없음"
"2025-06-13","이동의즐거움","4240709","후동리","5111034025","남면","정보없음"
"2025-06-13","이동의즐거움","4240719","중앙하이츠2차","5111012300","퇴계동","정보없음"
"2025-06-13","이동의즐거움","4240736","안보1리","5111035030","서면","정보없음"
"2025-06-13","이동의즐거움","4240738","고탄리(성탄교앞)","5111036027","사북면","정보없음"
"2025-06-13","이동의즐거움","4240739","고성2리(초설)","5111036028","사북면","정보없음"
"2025-06-13","이동의즐거움","4240740","고성2리(용화산입구)","5111036028","사북면","정보없음"
"2025-06-13","이동의즐거움","4240744","고은2리","5111039023","동내면","정보없음"
"2025-06-13","이동의즐거움","4240749","방동2리","5111035027","서면","정보없음"
"2025-06-13","이동의즐거움","4240750","방동2리","5111035027","서면","정보없음"
"2025-06-13","이동의즐거움","4240751","방동2리","5111035027","서면","정보없음"
"2025-06-13","이동의즐거움","4240753","송암스포츠타운","5111012700","송암동","정보없음"
"2025-06-13","이동의즐거움","4240754","방죽기","5111033025","신동면","정보없음"
"2025-06-13","이동의즐거움","4240755","방죽기","5111033025","신동면","정보없음"
"2025-06-13","이동의즐거움","4240756","배나무골","5111012100","온의동","정보없음"
"2025-06-13","이동의즐거움","4240757","배나무골","5111012100","온의동","정보없음"
"2025-06-13","이동의즐거움","4240758","백양1리","5111040029","남산면","정보없음"
"2025-06-13","이동의즐거움","4240759","백양1리","5111040029","남산면","정보없음"
"2025-06-13","이동의즐거움","4240764","백양리종점","5111040029","남산면","정보없음"
"2025-06-13","이동의즐거움","4240765","번개시장","5111011300","소양로1가","정보없음"
"2025-06-13","이동의즐거움","4240766","법원","5111011200","효자동","정보없음"
"2025-06-13","이동의즐거움","4240767","법원","5111011200","효자동","정보없음"
"2025-06-13","이동의즐거움","4240768","춘천지방법원","5111011200","효자동","정보없음"
"2025-06-13","이동의즐거움","4240769","푸른언덕공원","5111011200","효자동","정보없음"
"2025-06-13","이동의즐거움","4240770","푸른언덕공원","5111012000","후평동","정보없음"
"2025-06-13","이동의즐거움","4240771","보안사거리","5111012000","후평동","정보없음"
"2025-06-13","이동의즐거움","4240772","보안사거리","5111012000","후평동","정보없음"
"2025-06-13","이동의즐거움","4240783","광판1리","5111040022","남산면","정보없음"
"2025-06-13","이동의즐거움","4240789","수동1리","5111040024","남산면","정보없음"
"2025-06-13","이동의즐거움","4240790","창촌1리","5111040025","남산면","정보없음"
"2025-06-13","이동의즐거움","4240793","후동1리","5111034025","남면","정보없음"
"2025-06-13","이동의즐거움","4240797","가정3리","5111034023","남면","정보없음"
"2025-06-13","이동의즐거움","4240798","가정3리","5111034023","남면","정보없음"
"2025-06-13","이동의즐거움","4240860","강동농협장학지점","5111012000","후평동","정보없음"
"2025-06-13","이동의즐거움","4240861","병무청앞","5111011200","효자동","정보없음"
"2025-06-13","이동의즐거움","4240862","춘천사회혁신센터","5111011200","효자동","정보없음"
"2025-06-13","이동의즐거움","4240863","강원대학병원","5111011200","효자동","정보없음"
"2025-06-13","이동의즐거움","4240864","강원대학병원","5111011200","효자동","정보없음"
"2025-06-13","이동의즐거움","4240865","강원대후문","5111011200","효자동","정보없음"
"2025-06-13","이동의즐거움","4240866","강원대후문","5111011200","효자동","정보없음"
"2025-06-13","이동의즐거움","4240867","강원일보","5111010200","요선동","정보없음"
"2025-06-13","이동의즐거움","4240868","거두1리","5111039021","동내면","정보없음"
"2025-06-13","이동의즐거움","4240869","거두1리","5111039021","동내면","정보없음"
"2025-06-13","이동의즐거움","4240870","폴리텍2캠퍼스","5111011800","우두동","정보없음"
"2025-06-13","이동의즐거움","4240871","강촌1리4반","5111040027","남산면","정보없음"
"2025-06-13","이동의즐거움","4240875","강촌리","5111040027","남산면","정보없음"
"2025-06-13","이동의즐거움","4240880","강촌유원지","5111040027","남산면","정보없음"
"2025-06-13","이동의즐거움","4240884","탑동마을","5111035030","서면","정보없음"
"2025-06-13","이동의즐거움","4240887","거두2리","5111039021","동내면","정보없음"
"2025-06-13","이동의즐거움","4240889","거두2리","5111039021","동내면","정보없음"
"2025-06-13","이동의즐거움","4240890","거두2리마을회관","5111039021","동내면","정보없음"
"2025-06-13","이동의즐거움","4240893","성우오스타A","5111039021","동내면","정보없음"
"2025-06-13","이동의즐거움","4240894","거두리부영A","5111039021","동내면","정보없음"
"2025-06-13","이동의즐거움","4240896","면허시험장입구","5111025024","신북읍","정보없음"
"2025-06-13","이동의즐거움","4240897","춘천예비군훈련장","5111012600","칠전동","정보없음"
"2025-06-13","이동의즐거움","4240898","춘천예비군훈련장","5111012600","칠전동","정보없음"
"2025-06-13","이동의즐거움","4240899","명동입구","5111010500","중앙로2가","정보없음"
"2025-06-13","이동의즐거움","4240901","명진학교","5111011800","우두동","1817"
"2025-06-13","이동의즐거움","4240902","춘천여고","5111031022","동면","정보없음"
"2025-06-13","이동의즐거움","4240903","문화예술회관","5111011200","효자동","정보없음"
"2025-06-13","이동의즐거움","4240904","문화주택","5111012000","후평동","정보없음"
"2025-06-13","이동의즐거움","4240905","미려골","5111011200","효자동","정보없음"
"2025-06-13","이동의즐거움","4240906","동부새마을금고","5111011200","효자동","정보없음"
"2025-06-13","이동의즐거움","4240907","밀알재활원","5111033023","신동면","정보없음"
"2025-06-13","이동의즐거움","4240908","밀알재활원","5111033023","신동면","정보없음"
"2025-06-13","이동의즐거움","4240912","가정1리회관앞","5111034023","남면","정보없음"
"2025-06-13","이동의즐거움","4240921","광판2리","5111040022","남산면","정보없음"
"2025-06-13","이동의즐거움","4240923","발산1리","5111034024","남면","정보없음"
"2025-06-13","이동의즐거움","4240924","발산1리","5111034024","남면","정보없음"
"2025-06-13","이동의즐거움","4240926","발산1리","5111025025","신북읍","정보없음"
"2025-06-13","이동의즐거움","4240927","발산2리","5111034024","남면","정보없음"
"2025-06-13","이동의즐거움","4240928","발산2리","5111034024","남면","정보없음"
"2025-06-13","이동의즐거움","4240929","발산2리","5111025025","신북읍","정보없음"
"2025-06-13","이동의즐거움","4240931","발산2리","5111025025","신북읍","정보없음"
"2025-06-13","이동의즐거움","4240932","발산2리","5111025025","신북읍","정보없음"
"2025-06-13","이동의즐거움","4240935","발산치안센터","5111034024","남면","정보없음"
"2025-06-13","이동의즐거움","4240939","방곡1리","5111040026","남산면","정보없음"
"2025-06-13","이동의즐거움","4240940","방곡1리","5111040026","남산면","1782"
"2025-06-13","이동의즐거움","4240942","방곡1리","5111040026","남산면","1780"
"2025-06-13","이동의즐거움","4240943","방곡1리","5111040026","남산면","1779"
"2025-06-13","이동의즐거움","4240944","신매3리","5111035023","서면","정보없음"
"2025-06-13","이동의즐거움","4240946","신매대교","5111035023","서면","정보없음"
"2025-06-13","이동의즐거움","4240947","신매대교","5111035023","서면","정보없음"
"2025-06-13","이동의즐거움","4240948","신북읍행복센터","5111025021","신북읍","정보없음"
"2025-06-13","이동의즐거움","4240949","신북읍행복센터","5111025021","신북읍","정보없음"
"2025-06-13","이동의즐거움","4240953","신촌1리","5111039022","동내면","정보없음"
"2025-06-13","이동의즐거움","4240955","신촌1리","5111039022","동내면","정보없음"
"2025-06-13","이동의즐거움","4240956","신촌3리","5111039022","동내면","정보없음"
"2025-06-13","이동의즐거움","4240957","신촌1리","5111039022","동내면","정보없음"
"2025-06-13","이동의즐거움","4240958","신포리","5111036021","사북면","정보없음"
"2025-06-13","이동의즐거움","4240959","신포리","5111036021","사북면","정보없음"
"2025-06-13","이동의즐거움","4240960","신포중학교","5111036021","사북면","정보없음"
"2025-06-13","이동의즐거움","4240963","아침못종점","5111025023","신북읍","정보없음"
"2025-06-13","이동의즐거움","4240968","애니메이션박물관","5111035021","서면","1675"
"2025-06-13","이동의즐거움","4240972","명동입구","5111010500","중앙로2가","정보없음"
"2025-06-13","이동의즐거움","4240973","남부사거리","5111011200","효자동","정보없음"
"2025-06-13","이동의즐거움","4240976","양우A","5111011200","효자동","정보없음"
"2025-06-13","이동의즐거움","4240977","양우A","5111011200","효자동","정보없음"
"2025-06-13","이동의즐거움","4240979","상상마당입구","5111012500","삼천동","정보없음"
"2025-06-13","이동의즐거움","4240981","현진에버빌1차","5111012400","석사동","1661"
"2025-06-13","이동의즐거움","4240982","퇴계주공6단지","5111012400","석사동","정보없음"
"2025-06-13","이동의즐거움","4240983","여성가족연구원","5111012400","석사동","정보없음"
"2025-06-13","이동의즐거움","4240984","원창4리","5111032023","동산면","정보없음"
"2025-06-13","이동의즐거움","4240985","여성가족연구원","5111012400","석사동","정보없음"
"2025-06-13","이동의즐거움","4240988","오동초등학교","5111025024","신북읍","정보없음"
"2025-06-13","이동의즐거움","4240989","오동초등학교","5111025024","신북읍","1656"
"2025-06-13","이동의즐거움","4240991","오월교입구","5111035025","서면","정보없음"
"2025-06-13","이동의즐거움","4240992","오월리입구","5111035025","서면","1652"
"2025-06-13","이동의즐거움","4240994","오월리종점","5111035025","서면","정보없음"
"2025-06-13","이동의즐거움","4240995","오월유원지","5111035025","서면","정보없음"
"2025-06-13","이동의즐거움","4240999","오탄1리","5111036023","사북면","정보없음"
"2025-06-13","이동의즐거움","4241001","오탄2리","5111036023","사북면","정보없음"
"2025-06-13","이동의즐거움","4241002","오탄2리","5111036023","사북면","정보없음"
"2025-06-13","이동의즐거움","4241003","오탄1리","5111036023","사북면","정보없음"
"2025-06-13","이동의즐거움","4241004","오탄1리","5111036023","사북면","정보없음"
"2025-06-13","이동의즐거움","4241005","오탄2리종점","5111036023","사북면","정보없음"
"2025-06-13","이동의즐거움","4241007","온의금호1차","5111012100","온의동","정보없음"
"2025-06-13","이동의즐거움","4241008","온의금호1차","5111012100","온의동","정보없음"
"2025-06-13","이동의즐거움","4241009","모아엘가A","5111011100","약사동","정보없음"
"2025-06-13","이동의즐거움","4241010","미소지움_방송대","5111011700","근화동","정보없음"
"2025-06-13","이동의즐거움","4241011","럭키A","5111012100","온의동","정보없음"
"2025-06-13","이동의즐거움","4241012","풍물시장","5111012100","온의동","정보없음"
"2025-06-13","이동의즐거움","4241013","여우고개","5111012800","신동","정보없음"
"2025-06-13","이동의즐거움","4241014","올미입구","5111012800","신동","정보없음"
"2025-06-13","이동의즐거움","4241019","용산1리","5111025027","신북읍","1620"
"2025-06-13","이동의즐거움","4241021","한강수력본부","5111025027","신북읍","정보없음"
"2025-06-13","이동의즐거움","4241022","한강수력본부","5111025027","신북읍","정보없음"
"2025-06-13","이동의즐거움","4241024","용산2리취수장","5111025027","신북읍","정보없음"
"2025-06-13","이동의즐거움","4241025","용산3리","5111025027","신북읍","1613"
"2025-06-13","이동의즐거움","4241026","용산3리","5111025027","신북읍","1612"
"2025-06-13","이동의즐거움","4241028","그랜드A","5111012400","석사동","정보없음"
"2025-06-13","이동의즐거움","4241029","우석초교","5111012400","석사동","정보없음"
"2025-06-13","이동의즐거움","4241030","강원대동문앞","5111012400","석사동","정보없음"
"2025-06-13","이동의즐거움","4241031","강원대동문앞","5111012400","석사동","정보없음"
"2025-06-13","이동의즐거움","4241034","원무골","5111032021","동산면","정보없음"
"2025-06-13","이동의즐거움","4241036","원창1리","5111032023","동산면","정보없음"
"2025-06-13","이동의즐거움","4241038","원창2리","5111032023","동산면","정보없음"
"2025-06-13","이동의즐거움","4241039","폴리텍대학","5111032023","동산면","정보없음"
"2025-06-13","이동의즐거움","4241040","폴리텍대학","5111032023","동산면","정보없음"
"2025-06-13","이동의즐거움","4241041","원창2리","5111032023","동산면","정보없음"
"2025-06-13","이동의즐거움","4241042","원창3리","5111032023","동산면","정보없음"
"2025-06-13","이동의즐거움","4241043","원창3리","5111032023","동산면","정보없음"
"2025-06-13","이동의즐거움","4241044","원창5리","5111032023","동산면","정보없음"
"2025-06-13","이동의즐거움","4241046","원창고개정상","5111032023","동산면","정보없음"
"2025-06-13","이동의즐거움","4241049","원창리입구","5111039025","동내면","정보없음"
"2025-06-13","이동의즐거움","4241054","월곡리","5111031025","동면","정보없음"
"2025-06-13","이동의즐거움","4241055","월곡리","5111031025","동면","정보없음"
"2025-06-13","이동의즐거움","4241058","월송2리입구","5111035026","서면","1574"
"2025-06-13","이동의즐거움","4241059","월송3리종점","5111035026","서면","1573"
"2025-06-13","이동의즐거움","4241060","위도입구","5111011900","사농동","정보없음"
"2025-06-13","이동의즐거움","4241061","위도입구","5111011900","사농동","정보없음"
"2025-06-13","이동의즐거움","4241062","윗샘밭종점","5111025022","신북읍","정보없음"
"2025-06-13","이동의즐거움","4241063","윗샘밭종점","5111025022","신북읍","정보없음"
"2025-06-13","이동의즐거움","4241064","유승한내들","5111012300","퇴계동","정보없음"
"2025-06-13","이동의즐거움","4241065","유승한내들","5111012300","퇴계동","정보없음"
"2025-06-13","이동의즐거움","4241066","유포3리입구","5111025021","신북읍","정보없음"
"2025-06-13","이동의즐거움","4241067","유포3리입구","5111025021","신북읍","정보없음"
"2025-06-13","이동의즐거움","4241068","유포리회관","5111025023","신북읍","정보없음"
"2025-06-13","이동의즐거움","4241069","유포리","5111025023","신북읍","정보없음"
"2025-06-13","이동의즐거움","4241070","유포2리종점","5111025023","신북읍","정보없음"
"2025-06-13","이동의즐거움","4241071","육림고개","5111011000","운교동","정보없음"
"2025-06-13","이동의즐거움","4241072","육림고개","5111011000","운교동","정보없음"
"2025-06-13","이동의즐거움","4241073","육림공원","5111011900","사농동","정보없음"
"2025-06-13","이동의즐거움","4241074","육림랜드","5111011900","사농동","정보없음"
"2025-06-13","이동의즐거움","4241075","천전2리","5111025022","신북읍","정보없음"
"2025-06-13","이동의즐거움","4241076","율문1리","5111025021","신북읍","정보없음"
"2025-06-13","이동의즐거움","4241077","율문1리","5111025021","신북읍","정보없음"
"2025-06-13","이동의즐거움","4241078","강원테크노파크","5111025021","신북읍","정보없음"
"2025-06-13","이동의즐거움","4241227","파크푸르지오A","5111012100","온의동","정보없음"
"2025-06-13","이동의즐거움","4241228","럭키아파트후문","5111012100","온의동","정보없음"
"2025-06-13","이동의즐거움","4241231","송암스포츠타운","5111012700","송암동","정보없음"
"2025-06-13","이동의즐거움","4241232","남부시장","5111011200","효자동","정보없음"
"2025-06-13","이동의즐거움","4241233","성심경로당","5111012200","교동","정보없음"
"2025-06-13","이동의즐거움","4241234","성심경로당","5111012200","교동","정보없음"
"2025-06-13","이동의즐거움","4241236","원창2리","5111032023","동산면","정보없음"
"2025-06-13","이동의즐거움","4241241","지내3리","5111031021","동면","정보없음"
"2025-06-13","이동의즐거움","4241242","박물관입구","5111012400","석사동","정보없음"
"2025-06-13","이동의즐거움","4241243","박물관후문","5111012400","석사동","정보없음"
"2025-06-13","이동의즐거움","4241244","춘천한샘고등학교","5111025021","신북읍","정보없음"
"2025-06-13","이동의즐거움","4241246","한샘고후문","5111025021","신북읍","정보없음"
"2025-06-13","이동의즐거움","4241247","춘천시청별관","5111012200","교동","정보없음"
"2025-06-13","이동의즐거움","4241248","춘천시청별관","5111012200","교동","정보없음"
"2025-06-13","이동의즐거움","4241249","춘천역","5111011700","근화동","정보없음"
"2025-06-13","이동의즐거움","4241250","현진에버빌3차","5111011000","운교동","정보없음"
"2025-06-13","이동의즐거움","4241251","학곡2리","5111039025","동내면","정보없음"
"2025-06-13","이동의즐거움","4241252","학곡2리","5111039025","동내면","정보없음"
"2025-06-13","이동의즐거움","4241253","춘천중학교","5111011700","근화동","정보없음"
"2025-06-13","이동의즐거움","4241254","춘천중학교정문","5111011700","근화동","정보없음"
"2025-06-13","이동의즐거움","4241255","엘타워_미소지움","5111011700","근화동","정보없음"
"2025-06-13","이동의즐거움","4241256","춘천시보건소","5111011600","소양로4가","정보없음"
"2025-06-13","이동의즐거움","4241257","춘천초등학교","5111010600","중앙로3가","정보없음"
"2025-06-13","이동의즐거움","4241258","강원도농업기술원","5111025024","신북읍","정보없음"
"2025-06-13","이동의즐거움","4241292","천리터","5111038025","북산면","정보없음"
"2025-06-13","이동의즐거움","4241295","팔미3리","5111033022","신동면","정보없음"
"2025-06-13","이동의즐거움","4241296","혈동2리","5111033023","신동면","정보없음"
"2025-06-13","이동의즐거움","4241299","팔미1리","5111033022","신동면","정보없음"
"2025-06-13","이동의즐거움","4241300","팔미리","5111033022","신동면","정보없음"
"2025-06-13","이동의즐거움","4241302","팔미3리","5111033022","신동면","정보없음"
"2025-06-13","이동의즐거움","4241303","팔미쉼터","5111033022","신동면","정보없음"
"2025-06-13","이동의즐거움","4241306","포스코더샵A","5111012000","후평동","정보없음"
"2025-06-13","이동의즐거움","4241307","포스코후문","5111012000","후평동","정보없음"
"2025-06-13","이동의즐거움","4241308","포스코후문","5111012000","후평동","정보없음"
"2025-06-13","이동의즐거움","4241309","포스코더샵A","5111012000","후평동","정보없음"
"2025-06-13","이동의즐거움","4241310","율문3리","5111025021","신북읍","1100"
"2025-06-13","이동의즐거움","4241311","하사관주택","5111012500","삼천동","정보없음"
"2025-06-13","이동의즐거움","4241312","무릉공원","5111012400","석사동","정보없음"
"2025-06-13","이동의즐거움","4241313","무릉공원","5111012400","석사동","정보없음"
"2025-06-13","이동의즐거움","4241317","학곡리종점","5111039025","동내면","정보없음"
"2025-06-13","이동의즐거움","4241368","지내1리(옥광산입구)","5111031021","동면","정보없음"
"2025-06-13","이동의즐거움","4241372","강원지방경찰청","5111039021","동내면","정보없음"
"2025-06-13","이동의즐거움","4241373","강원지방경찰청","5111039021","동내면","정보없음"
"2025-06-13","이동의즐거움","4241374","거두리주공A","5111039021","동내면","정보없음"
"2025-06-13","이동의즐거움","4241375","성우오스타A","5111039021","동내면","정보없음"
"2025-06-13","이동의즐거움","4241377","파크푸르지오A","5111012100","온의동","정보없음"
"2025-06-13","이동의즐거움","4241460","산수리논골","5111040031","남산면","정보없음"
"2025-06-13","이동의즐거움","4241479","논골입구","5111032024","동산면","정보없음"
"2025-06-13","이동의즐거움","4241483","강원체고앞","5111012700","송암동","정보없음"
"2025-06-13","이동의즐거움","4241484","덕만리혈동1리입구","5111033023","신동면","정보없음"
"2025-06-13","이동의즐거움","4241485","혈동2리","5111033023","신동면","정보없음"
"2025-06-13","이동의즐거움","4241486","군자1리","5111032024","동산면","정보없음"
"2025-06-13","이동의즐거움","4241490","송암동","5111012700","송암동","정보없음"
"2025-06-13","이동의즐거움","4241491","송암리","5111036029","사북면","정보없음"
"2025-06-13","이동의즐거움","4241492","송암리","5111036027","사북면","정보없음"
"2025-06-13","이동의즐거움","4241493","송암삼거리","5111036027","사북면","정보없음"
"2025-06-13","이동의즐거움","4241499","수동2리","5111040024","남산면","정보없음"
"2025-06-13","이동의즐거움","4241501","수동리","5111040024","남산면","정보없음"
"2025-06-13","이동의즐거움","4241504","시립요양원입구","5111012400","석사동","정보없음"
"2025-06-13","이동의즐거움","4241505","(구)승마장","5111012500","삼천동","정보없음"
"2025-06-13","이동의즐거움","4241506","(구)승마장","5111012500","삼천동","정보없음"
"2025-06-13","이동의즐거움","4241507","공지천의암공원","5111012500","삼천동","정보없음"
"2025-06-13","이동의즐거움","4241508","시립청소년도서관","5111012500","삼천동","2059"
"2025-06-13","이동의즐거움","4241509","시외버스터미널","5111012100","온의동","정보없음"
"2025-06-13","이동의즐거움","4241510","시외버스터미널","5111012100","온의동","정보없음"
"2025-06-13","이동의즐거움","4241511","시외버스터미널","5111012100","온의동","정보없음"
"2025-06-13","이동의즐거움","4241512","M백화점","5111010800","조양동","정보없음"
"2025-06-13","이동의즐거움","4241514","김유정역","5111033024","신동면","정보없음"
"2025-06-13","이동의즐거움","4241515","김유정역","5111033024","신동면","정보없음"
"2025-06-13","이동의즐거움","4241516","신동배터","5111012800","신동","2049"
"2025-06-13","이동의즐거움","4241517","신동배터","5111012800","신동","2048"
"2025-06-13","이동의즐거움","4241518","신동","5111011900","사농동","정보없음"
"2025-06-13","이동의즐거움","4241519","신동삼거리","5111012800","신동","정보없음"
"2025-06-13","이동의즐거움","4241520","신동삼거리","5111012800","신동","정보없음"
"2025-06-13","이동의즐거움","4241523","신매1리","5111035024","서면","2040"
"2025-06-13","이동의즐거움","4241524","신매3리","5111035023","서면","정보없음"
"2025-06-13","이동의즐거움","4241525","증3리","5111033024","신동면","정보없음"
"2025-06-13","이동의즐거움","4241531","지내1리종점","5111025026","신북읍","정보없음"
"2025-06-13","이동의즐거움","4241532","지내2리","5111031021","동면","정보없음"
"2025-06-13","이동의즐거움","4241533","지내2리","5111031021","동면","정보없음"
"2025-06-13","이동의즐거움","4241538","지내리","5111025026","신북읍","정보없음"
"2025-06-13","이동의즐거움","4241539","지내리","5111025026","신북읍","정보없음"
"2025-06-13","이동의즐거움","4241540","지암리","5111036026","사북면","정보없음"
"2025-06-13","이동의즐거움","4241542","지암리","5111036026","사북면","정보없음"
"2025-06-13","이동의즐거움","4241544","지암산천마을","5111036026","사북면","정보없음"
"2025-06-13","이동의즐거움","4241545","지암산천마을","5111036026","사북면","정보없음"
"2025-06-13","이동의즐거움","4241552","신포1리","5111036021","사북면","정보없음"
"2025-06-13","이동의즐거움","4241554","인람리","5111036030","사북면","정보없음"
"2025-06-13","이동의즐거움","4241557","오탄3리종점","5111036023","사북면","정보없음"
"2025-06-13","이동의즐거움","4241559","지암리","5111036026","사북면","정보없음"
"2025-06-13","이동의즐거움","4241561","동면치안센터","5111031024","동면","정보없음"
"2025-06-13","이동의즐거움","4241563","강동농협장학지점","5111012000","후평동","정보없음"
"2025-06-13","이동의즐거움","4241566","양지교","5111031022","동면","정보없음"
"2025-06-13","이동의즐거움","4241567","석사2지구A","5111012000","후평동","정보없음"
"2025-06-13","이동의즐거움","4241568","후평주공7단지","5111012000","후평동","정보없음"
"2025-06-13","이동의즐거움","4241569","한국전력공사입구","5111012000","후평동","정보없음"
"2025-06-13","이동의즐거움","4241570","세경3차","5111012000","후평동","정보없음"
"2025-06-13","이동의즐거움","4241571","청구_진흥A","5111012400","석사동","정보없음"
"2025-06-13","이동의즐거움","4241572","동아_청구A","5111012000","후평동","정보없음"
"2025-06-13","이동의즐거움","4241573","후평3동우체국","5111012000","후평동","정보없음"
"2025-06-13","이동의즐거움","4241574","거두2리","5111039021","동내면","정보없음"
"2025-06-13","이동의즐거움","4241575","고은1리","5111039023","동내면","정보없음"
"2025-06-13","이동의즐거움","4241578","신촌1리","5111039022","동내면","정보없음"
"2025-06-13","이동의즐거움","4241579","동내초교","5111039022","동내면","정보없음"
"2025-06-13","이동의즐거움","4241580","장애인종합복지관","5111012400","석사동","정보없음"
"2025-06-13","이동의즐거움","4241581","퇴계주공3_4차","5111012400","석사동","정보없음"
"2025-06-13","이동의즐거움","4241582","우석초교","5111012400","석사동","정보없음"
"2025-06-13","이동의즐거움","4241583","초록지붕A","5111039021","동내면","정보없음"
"2025-06-13","이동의즐거움","4241586","(구)농업기술원","5111011800","우두동","1932"
"2025-06-13","이동의즐거움","4241587","강원생명과학고","5111011900","사농동","정보없음"
"2025-06-13","이동의즐거움","4241588","소양중학교","5111011900","사농동","정보없음"
"2025-06-13","이동의즐거움","4241589","호반A","5111011700","근화동","정보없음"
"2025-06-13","이동의즐거움","4241590","동보빌리지","5111012000","후평동","정보없음"
"2025-06-13","이동의즐거움","4241591","소양로우체국","5111011500","소양로3가","정보없음"
"2025-06-13","이동의즐거움","4241592","시청입구","5111010800","조양동","정보없음"
"2025-06-13","이동의즐거움","4241593","한국토지주택공사","5111011200","효자동","정보없음"
"2025-06-13","이동의즐거움","4241594","약사롯데캐슬","5111011100","약사동","정보없음"
"2025-06-13","이동의즐거움","4241595","문화예술회관","5111011200","효자동","정보없음"
"2025-06-13","이동의즐거움","4241596","춘천중학교","5111011700","근화동","정보없음"
"2025-06-13","이동의즐거움","4241597","청와A","5111011700","근화동","정보없음"
"2025-06-13","이동의즐거움","4241599","삼천동사거리","5111012500","삼천동","정보없음"
"2025-06-13","이동의즐거움","4241600","공지사거리","5111011700","근화동","정보없음"
"2025-06-13","이동의즐거움","4241601","금산2리","5111035022","서면","정보없음"
"2025-06-13","이동의즐거움","4241602","상상마당입구","5111012500","삼천동","정보없음"
"2025-06-13","이동의즐거움","4241603","통일플러스센터","5111012500","삼천동","정보없음"
"2025-06-13","이동의즐거움","4241604","퇴계주공2차","5111012300","퇴계동","정보없음"
"2025-06-13","이동의즐거움","4241605","봄내초등학교","5111012400","석사동","정보없음"
"2025-06-13","이동의즐거움","4241606","퇴계주공2차","5111012300","퇴계동","정보없음"
"2025-06-13","이동의즐거움","4241636","산림조합강원본부","5111012000","후평동","정보없음"
"2025-06-13","이동의즐거움","4241637","산림조합강원본부","5111012000","후평동","정보없음"
"2025-06-13","이동의즐거움","4241638","대형약국","5111031022","동면","정보없음"
"2025-06-13","이동의즐거움","4241640","전인고등학교","5111032023","동산면","1357"
"2025-06-13","이동의즐거움","4241646","군자3리","5111032024","동산면","정보없음"
"2025-06-13","이동의즐거움","4241647","케이티앤지","5111012300","퇴계동","정보없음"
"2025-06-13","이동의즐거움","4241648","강원사대부고","5111012000","후평동","정보없음"
"2025-06-13","이동의즐거움","4241649","강원사대부고","5111012000","후평동","정보없음"
"2025-06-13","이동의즐거움","4241650","구름다리주유소","5111031022","동면","정보없음"
"2025-06-13","이동의즐거움","4241651","동신장로교회","5111031022","동면","정보없음"
"2025-06-13","이동의즐거움","4241652","유앤아이A","5111031022","동면","정보없음"
"2025-06-13","이동의즐거움","4241654","고은리종점","5111039023","동내면","정보없음"
"2025-06-13","이동의즐거움","4241655","고창말","5111033025","신동면","정보없음"
"2025-06-13","이동의즐거움","4241659","구고탄농협","5111036027","사북면","정보없음"
"2025-06-13","이동의즐거움","4241660","고탄입구","5111025027","신북읍","정보없음"
"2025-06-13","이동의즐거움","4241661","고탄입구","5111025027","신북읍","정보없음"
"2025-06-13","이동의즐거움","4241663","농협후석로지점","5111012000","후평동","정보없음"
"2025-06-13","이동의즐거움","4241664","신성교회","5111012000","후평동","정보없음"
"2025-06-13","이동의즐거움","4241665","공지천사거리","5111011700","근화동","2002"
"2025-06-13","이동의즐거움","4241666","춘천청소년수련관","5111011200","효자동","정보없음"
"2025-06-13","이동의즐거움","4241667","춘천청소년수련관","5111011200","효자동","정보없음"
"2025-06-13","이동의즐거움","4241669","관천리","5111034021","남면","정보없음"
"2025-06-13","이동의즐거움","4241670","관천리종점","5111034021","남면","정보없음"
"2025-06-13","이동의즐거움","4241676","광판2리","5111040022","남산면","정보없음"
"2025-06-13","이동의즐거움","4241680","광판중학교입구","5111040022","남산면","정보없음"
"2025-06-13","이동의즐거움","4241681","광판초교","5111040022","남산면","정보없음"
"2025-06-13","이동의즐거움","4241682","광판초교","5111040022","남산면","정보없음"
"2025-06-13","이동의즐거움","4241683","교동초교입구","5111011200","효자동","정보없음"
"2025-06-13","이동의즐거움","4241684","교동초교입구","5111011200","효자동","정보없음"
"2025-06-13","이동의즐거움","4241685","강촌1리마을","5111040027","남산면","정보없음"
"2025-06-13","이동의즐거움","4241686","강촌1리마을","5111040027","남산면","정보없음"
"2025-06-13","이동의즐거움","4241687","구곡폭포종점","5111040027","남산면","정보없음"
"2025-06-13","이동의즐거움","4241691","유앤아이A","5111031022","동면","정보없음"
"2025-06-13","이동의즐거움","4241692","군자3리","5111032024","동산면","정보없음"
"2025-06-13","이동의즐거움","4241697","그랜드A","5111012400","석사동","정보없음"
"2025-06-13","이동의즐거움","4241699","춘천역육교앞","5111011700","근화동","정보없음"
"2025-06-13","이동의즐거움","4241700","근화초교","5111011400","소양로2가","정보없음"
"2025-06-13","이동의즐거움","4241701","금병초교","5111033024","신동면","정보없음"
"2025-06-13","이동의즐거움","4241703","강원정보문화진흥원","5111035022","서면","정보없음"
"2025-06-13","이동의즐거움","4241704","금산3리","5111035022","서면","정보없음"
"2025-06-13","이동의즐거움","4241705","금산2리","5111035022","서면","정보없음"
"2025-06-13","이동의즐거움","4241706","금산3리","5111035022","서면","정보없음"
"2025-06-13","이동의즐거움","4241708","김유정문학촌","5111033024","신동면","정보없음"
"2025-06-13","이동의즐거움","4241709","발산1리","5111034024","남면","1949"
"2025-06-13","이동의즐거움","4241710","남면행정복지센터","5111034024","남면","정보없음"
"2025-06-13","이동의즐거움","4241711","남부시장","5111011200","효자동","정보없음"
"2025-06-13","이동의즐거움","4241712","남산면행복센터","5111040025","남산면","정보없음"
"2025-06-13","이동의즐거움","4241713","남산면행복센터","5111040025","남산면","정보없음"
"2025-06-13","이동의즐거움","4241716","남춘천중학교","5111012100","온의동","정보없음"
"2025-06-13","이동의즐거움","4241717","남춘천초교","5111012100","온의동","정보없음"
"2025-06-13","이동의즐거움","4241718","국민연금공단","5111012300","퇴계동","정보없음"
"2025-06-13","이동의즐거움","4241719","국민연금공단","5111012300","퇴계동","정보없음"
"2025-06-13","이동의즐거움","4241720","논골입구","5111032023","동산면","정보없음"
"2025-06-13","이동의즐거움","4241721","도재활병원삼거리","5111011800","우두동","정보없음"
"2025-06-13","이동의즐거움","4241722","농촌공사춘천지소","5111011800","우두동","정보없음"
"2025-06-13","이동의즐거움","4241723","농촌공사춘천지소","5111011800","우두동","정보없음"
"2025-06-13","이동의즐거움","4241724","당림1리","5111035029","서면","1931"
"2025-06-13","이동의즐거움","4241727","당림2리","5111035029","서면","정보없음"
"2025-06-13","이동의즐거움","4241728","당림2리","5111035029","서면","정보없음"
"2025-06-13","이동의즐거움","4241730","당림3반종점","5111035029","서면","정보없음"
"2025-06-13","이동의즐거움","4241733","당림초교","5111035029","서면","정보없음"
"2025-06-13","이동의즐거움","4241734","대룡산쉼터","5111039024","동내면","정보없음"
"2025-06-13","이동의즐거움","4241737","대룡중학교","5111012300","퇴계동","정보없음"
"2025-06-13","이동의즐거움","4241738","대원사","5111012600","칠전동","정보없음"
"2025-06-13","이동의즐거움","4241741","덕두원1리","5111035028","서면","정보없음"
"2025-06-13","이동의즐거움","4241742","덕두원1리1반","5111035028","서면","정보없음"
"2025-06-13","이동의즐거움","4241743","버덩마을","5111035028","서면","정보없음"
"2025-06-13","이동의즐거움","4241744","봉덕사입구","5111035028","서면","정보없음"
"2025-06-13","이동의즐거움","4241745","봉덕사입구","5111035028","서면","정보없음"
"2025-06-13","이동의즐거움","4241747","명월리","5111035028","서면","정보없음"
"2025-06-13","이동의즐거움","4241752","명월촌","5111035028","서면","정보없음"
"2025-06-13","이동의즐거움","4241753","양지말","5111035028","서면","정보없음"
"2025-06-13","이동의즐거움","4241756","상명월리","5111035028","서면","정보없음"
"2025-06-13","이동의즐거움","4241762","수레너미","5111035028","서면","정보없음"
"2025-06-13","이동의즐거움","4241766","덕두원3리","5111035028","서면","정보없음"
"2025-06-13","이동의즐거움","4241767","도민일보","5111012000","후평동","정보없음"
"2025-06-13","이동의즐거움","4241768","도민일보","5111012000","후평동","정보없음"
"2025-06-13","이동의즐거움","4241769","동광주유소","5111012000","후평동","정보없음"
"2025-06-13","이동의즐거움","4241770","동내면행복센터","5111039022","동내면","정보없음"
"2025-06-13","이동의즐거움","4241771","동내면행복센터","5111039022","동내면","정보없음"
"2025-06-13","이동의즐거움","4241774","동면행정복지센터","5111031021","동면","정보없음"
"2025-06-13","이동의즐거움","4241775","동면행정복지센터","5111031021","동면","정보없음"
"2025-06-13","이동의즐거움","4241776","노루목저수지","5111031023","동면","정보없음"
"2025-06-13","이동의즐거움","4241777","노루목저수지","5111031023","동면","정보없음"
"2025-06-13","이동의즐거움","4241785","조양3리종점","5111032021","동산면","정보없음"
"2025-06-13","이동의즐거움","4241789","정법사","5111012500","삼천동","정보없음"
"2025-06-13","이동의즐거움","4241790","정부합동청사","5111012000","후평동","정보없음"
"2025-06-13","이동의즐거움","4241791","정부합동청사","5111012000","후평동","정보없음"
"2025-06-13","이동의즐거움","4241793","사천왕사","5111035028","서면","정보없음"
"2025-06-13","이동의즐거움","4241796","정족2리","5111033025","신동면","정보없음"
"2025-06-13","이동의즐거움","4241800","조각공원","5111011700","근화동","정보없음"
"2025-06-13","이동의즐거움","4241802","신세계주유소","5111032021","동산면","정보없음"
"2025-06-13","이동의즐거움","4241803","조양4리","5111032021","동산면","정보없음"
"2025-06-13","이동의즐거움","4241817","조양4리","5111032021","동산면","정보없음"
"2025-06-13","이동의즐거움","4241821","동산면행복센터","5111032021","동산면","정보없음"
"2025-06-13","이동의즐거움","4241822","동산면행복센터","5111032021","동산면","정보없음"
"2025-06-13","이동의즐거움","4241833","송암리(은재된장)","5111036029","사북면","정보없음"
"2025-06-13","이동의즐거움","4241835","송암리마을회관","5111036029","사북면","1214"
"2025-06-13","이동의즐거움","4241867","지암리(물레방아민박)","5111036026","사북면","정보없음"
"2025-06-13","이동의즐거움","4241872","대추나무골","5111036023","사북면","정보없음"
"2025-06-13","이동의즐거움","4241873","새술막","5111032023","동산면","정보없음"
"2025-06-13","이동의즐거움","4241874","송암리","5111036027","사북면","정보없음"
"2025-06-13","이동의즐거움","4241877","고성2리(초설)","5111036028","사북면","정보없음"
"2025-06-13","이동의즐거움","4241879","옥광산","5111031025","동면","정보없음"
"2025-06-13","이동의즐거움","4241880","(구)싸이클경기장","5111012500","삼천동","정보없음"
"2025-06-13","이동의즐거움","4241882","삼악산","5111035028","서면","정보없음"
"2025-06-13","이동의즐거움","4241883","신매1리","5111035024","서면","정보없음"
"2025-06-13","이동의즐거움","4241884","월송2리","5111035026","서면","정보없음"
"2025-06-13","이동의즐거움","4241886","방동2리입구(보건소)","5111035027","서면","1178"
"2025-06-13","이동의즐거움","4241891","방곡1리","5111040026","남산면","1778"
"2025-06-13","이동의즐거움","4241892","방곡2리회관","5111040026","남산면","정보없음"
"2025-06-13","이동의즐거움","4241894","방곡리","5111040026","남산면","정보없음"
"2025-06-13","이동의즐거움","4241895","방곡리","5111040026","남산면","정보없음"
"2025-06-13","이동의즐거움","4241896","방동1리","5111035027","서면","정보없음"
"2025-06-13","이동의즐거움","4241897","방동1리","5111035027","서면","정보없음"
"2025-06-13","이동의즐거움","4241898","방동1리","5111035027","서면","정보없음"
"2025-06-13","이동의즐거움","4241905","창촌2리마을회관","5111040025","남산면","정보없음"
"2025-06-13","이동의즐거움","4241906","창촌2리마을회관","5111040025","남산면","정보없음"
"2025-06-13","이동의즐거움","4241907","창촌중학교","5111040027","남산면","정보없음"
"2025-06-13","이동의즐거움","4241908","강촌1리회관","5111040027","남산면","정보없음"
"2025-06-13","이동의즐거움","4241911","춘천국유림관리소","5111025022","신북읍","1421"
"2025-06-13","이동의즐거움","4241912","춘천국유림관리소","5111025022","신북읍","1420"
"2025-06-13","이동의즐거움","4241913","천전3리","5111025022","신북읍","정보없음"
"2025-06-13","이동의즐거움","4241914","천전3리","5111025022","신북읍","정보없음"
"2025-06-13","이동의즐거움","4241915","상천초등학교","5111025022","신북읍","정보없음"
"2025-06-13","이동의즐거움","4241916","청구_동아A","5111012400","석사동","정보없음"
"2025-06-13","이동의즐거움","4241918","청소년수련원","5111011900","사농동","정보없음"
"2025-06-13","이동의즐거움","4241920","오항2리","5111038025","북산면","정보없음"
"2025-06-13","이동의즐거움","4241922","청실A","5111012000","후평동","정보없음"
"2025-06-13","이동의즐거움","4241923","청실A","5111012000","후평동","정보없음"
"2025-06-13","이동의즐거움","4241924","청와A","5111011700","근화동","정보없음"
"2025-06-13","이동의즐거움","4241925","고탄낚시터","5111036027","사북면","정보없음"
"2025-06-13","이동의즐거움","4241926","초원낚시터","5111036027","사북면","정보없음"
"2025-06-13","이동의즐거움","4241927","추곡2리","5111038024","북산면","정보없음"
"2025-06-13","이동의즐거움","4241928","추곡1리1반","5111038024","북산면","정보없음"
"2025-06-13","이동의즐거움","4241929","추곡1리3반","5111038024","북산면","정보없음"
"2025-06-13","이동의즐거움","4241930","추곡3거리","5111034026","남면","1398"
"2025-06-13","이동의즐거움","4241932","추곡1리","5111034026","남면","정보없음"
"2025-06-13","이동의즐거움","4241935","북산치안센터","5111038024","북산면","정보없음"
"2025-06-13","이동의즐거움","4241939","추곡초교","5111038024","북산면","정보없음"
"2025-06-13","이동의즐거움","4241940","추곡초교","5111038024","북산면","정보없음"
"2025-06-13","이동의즐거움","4241943","교육대학교","5111012400","석사동","정보없음"
"2025-06-13","이동의즐거움","4241944","교육대학교","5111012400","석사동","정보없음"
"2025-06-13","이동의즐거움","4241945","춘천교도소","5111039022","동내면","정보없음"
"2025-06-13","이동의즐거움","4242027","동산면행복센터","5111032021","동산면","정보없음"
"2025-06-13","이동의즐거움","4242028","소방서","5111012000","후평동","정보없음"
"2025-06-13","이동의즐거움","4242029","동산A","5111012000","후평동","정보없음"
"2025-06-13","이동의즐거움","4242030","조양2리","5111032021","동산면","정보없음"
"2025-06-13","이동의즐거움","4242032","동산중학교","5111032021","동산면","정보없음"
"2025-06-13","이동의즐거움","4242034","춘천동원학교","5111025022","신북읍","정보없음"
"2025-06-13","이동의즐거움","4242035","춘천동원학교","5111025022","신북읍","정보없음"
"2025-06-13","이동의즐거움","4242036","두미르A","5111011800","우두동","정보없음"
"2025-06-13","이동의즐거움","4242037","두미르A","5111011800","우두동","정보없음"
"2025-06-13","이동의즐거움","4242039","등선폭포","5111035028","서면","정보없음"
"2025-06-13","이동의즐거움","4242040","로데오거리","5111012400","석사동","정보없음"
"2025-06-13","이동의즐거움","4242041","거두리부영A","5111039021","동내면","정보없음"
"2025-06-13","이동의즐거움","4242042","롯데인벤스","5111011800","우두동","정보없음"
"2025-06-13","이동의즐거움","4242043","삼성동부A","5111011800","우두동","정보없음"
"2025-06-13","이동의즐거움","4242044","가압펌프장","5111012100","온의동","정보없음"
"2025-06-13","이동의즐거움","4242045","가압펌프장","5111012100","온의동","정보없음"
"2025-06-13","이동의즐거움","4242046","삼악호수케이블카","5111012500","삼천동","정보없음"
"2025-06-13","이동의즐거움","4242048","양지교","5111031022","동면","정보없음"
"2025-06-13","이동의즐거움","4242049","만천초교","5111031022","동면","정보없음"
"2025-06-13","이동의즐거움","4242052","만천초교","5111031022","동면","정보없음"
"2025-06-13","이동의즐거움","4242053","만천3리마을회관","5111031022","동면","정보없음"
"2025-06-13","이동의즐거움","4242055","동면만천농협","5111031022","동면","정보없음"
"2025-06-13","이동의즐거움","4242056","동면만천농협","5111031022","동면","정보없음"
"2025-06-13","이동의즐거움","4242057","만천리종점","5111031022","동면","정보없음"
"2025-06-13","이동의즐거움","4242058","동광오거리","5111012000","후평동","정보없음"
"2025-06-13","이동의즐거움","4242059","동광오거리","5111012000","후평동","정보없음"
"2025-06-13","이동의즐거움","4242061","팔호광장","5111011200","효자동","정보없음"
"2025-06-13","이동의즐거움","4242062","가재골","5111034024","남면","정보없음"
"2025-06-13","이동의즐거움","4242063","가재골","5111034024","남면","정보없음"
"2025-06-13","이동의즐거움","4242064","가정1리","5111034023","남면","정보없음"
"2025-06-13","이동의즐거움","4242069","가정2리","5111034023","남면","정보없음"
"2025-06-13","이동의즐거움","4242071","가정리종점","5111034023","남면","정보없음"
"2025-06-13","이동의즐거움","4242072","가정진료소","5111034023","남면","정보없음"
"2025-06-13","이동의즐거움","4242080","춘천우체국","5111012100","온의동","정보없음"
"2025-06-13","이동의즐거움","4242081","애니고등학교","5111035022","서면","정보없음"
"2025-06-13","이동의즐거움","4242082","애니고등학교","5111035022","서면","정보없음"
"2025-06-13","이동의즐거움","4242085","학곡리종점","5111039025","동내면","정보없음"
"2025-06-13","이동의즐거움","4242086","한계울마을","5111012800","신동","정보없음"
"2025-06-13","이동의즐거움","4242087","한계울마을","5111012800","신동","정보없음"
"2025-06-13","이동의즐거움","4242088","한국은행","5111010400","중앙로1가","정보없음"
"2025-06-13","이동의즐거움","4242089","한국전력공사입구","5111012000","후평동","정보없음"
"2025-06-13","이동의즐거움","4242090","한림대학교","5111012200","교동","정보없음"
"2025-06-13","이동의즐거움","4242091","장애인종합복지관","5111012400","석사동","정보없음"
"2025-06-13","이동의즐거움","4242101","가산교","5111031021","동면","정보없음"
"2025-06-13","이동의즐거움","4242142","새술막","5111032023","동산면","정보없음"
"2025-06-13","이동의즐거움","4242162","한덕리입구","5111034027","남면","정보없음"
"2025-06-13","이동의즐거움","4242165","한덕리","5111034027","남면","2262"
"2025-06-13","이동의즐거움","4242167","율문3리","5111025022","신북읍","1552"
"2025-06-13","이동의즐거움","4242168","강원테크노파크","5111025021","신북읍","정보없음"
"2025-06-13","이동의즐거움","4242169","열린공원","5111012100","온의동","정보없음"
"2025-06-13","이동의즐거움","4242171","의암","5111033021","신동면","1547"
"2025-06-13","이동의즐거움","4242172","의암교차로","5111035028","서면","정보없음"
"2025-06-13","이동의즐거움","4242174","의암류인석유적지","5111034023","남면","정보없음"
"2025-06-13","이동의즐거움","4242175","의암류인석유적지","5111034023","남면","정보없음"
"2025-06-13","이동의즐거움","4242177","의암리본마을","5111033021","신동면","정보없음"
"2025-06-13","이동의즐거움","4242178","송암스포츠타운입구","5111012600","칠전동","정보없음"
"2025-06-13","이동의즐거움","4242179","송암스포츠타운입구","5111012600","칠전동","정보없음"
"2025-06-13","이동의즐거움","4242180","동보빌리지","5111012000","후평동","정보없음"
"2025-06-13","이동의즐거움","4242181","동보A","5111012400","석사동","정보없음"
"2025-06-13","이동의즐거움","4242182","동부시장","5111011000","운교동","정보없음"
"2025-06-13","이동의즐거움","4242183","동부시장","5111011000","운교동","정보없음"
"2025-06-13","이동의즐거움","4242184","동산면행복센터","5111032022","동산면","정보없음"
"2025-06-13","이동의즐거움","4242191","인성병원","5111011500","소양로3가","정보없음"
"2025-06-13","이동의즐거움","4242192","호반요양병원","5111012500","삼천동","정보없음"
"2025-06-13","이동의즐거움","4242193","호반요양병원","5111012500","삼천동","정보없음"
"2025-06-13","이동의즐거움","4242194","춘천역육교앞","5111011700","근화동","정보없음"
"2025-06-13","이동의즐거움","4242195","장학1리","5111031023","동면","정보없음"
"2025-06-13","이동의즐거움","4242196","장학1리","5111031023","동면","정보없음"
"2025-06-13","이동의즐거움","4242197","기와집골","5111040025","남산면","정보없음"
"2025-06-13","이동의즐거움","4242201","조양4리","5111032021","동산면","정보없음"
"2025-06-13","이동의즐거움","4242202","KBS방송국","5111012300","퇴계동","정보없음"
"2025-06-13","이동의즐거움","4242203","KBS방송국","5111012100","온의동","정보없음"
"2025-06-13","이동의즐거움","4242204","일성트루엘A","5111012000","후평동","정보없음"
"2025-06-13","이동의즐거움","4242205","평화공원","5111011700","근화동","정보없음"
"2025-06-13","이동의즐거움","4242206","통일플러스센터","5111012500","삼천동","정보없음"
"2025-06-13","이동의즐거움","4242207","중앙시장","5111010500","중앙로2가","정보없음"
"2025-06-13","이동의즐거움","4242208","중앙시장_중앙초교","5111010500","중앙로2가","정보없음"
"2025-06-13","이동의즐거움","4242209","중앙로입구","5111010600","중앙로3가","정보없음"
"2025-06-13","이동의즐거움","4242210","중앙하이츠1차","5111012300","퇴계동","정보없음"
"2025-06-13","이동의즐거움","4242213","중앙하이츠1차","5111012300","퇴계동","정보없음"
"2025-06-13","이동의즐거움","4242215","증2리","5111033024","신동면","정보없음"
"2025-06-13","이동의즐거움","4242216","증2리","5111033024","신동면","정보없음"
"2025-06-13","이동의즐거움","4242217","증2리","5111033024","신동면","정보없음"
"2025-06-13","이동의즐거움","4242222","증2리","5111033024","신동면","정보없음"
"2025-06-13","이동의즐거움","4242224","가정중학교","5111034023","남면","정보없음"
"2025-06-13","이동의즐거움","4242226","발산1리","5111025024","신북읍","정보없음"
"2025-06-13","이동의즐거움","4242227","추곡터널","5111038024","북산면","정보없음"
"2025-06-13","이동의즐거움","4242229","추곡1리1반","5111038024","북산면","정보없음"
"2025-06-13","이동의즐거움","4242230","천리터","5111038025","북산면","정보없음"
"2025-06-13","이동의즐거움","4242239","해피초원목장","5111036027","사북면","정보없음"
"2025-06-13","이동의즐거움","4242245","인람리(1)","5111036030","사북면","정보없음"
"2025-06-13","이동의즐거움","4242246","송암리(밤나무)","5111036029","사북면","정보없음"
"2025-06-13","이동의즐거움","4242262","항공대정문","5111025021","신북읍","정보없음"
"2025-06-13","이동의즐거움","4242263","율문2리","5111025021","신북읍","정보없음"
"2025-06-13","이동의즐거움","4242264","율문2리","5111025021","신북읍","정보없음"
"2025-06-13","이동의즐거움","4242265","춘천경찰서","5111011200","효자동","정보없음"
"2025-06-13","이동의즐거움","4242268","향교","5111012200","교동","정보없음"
"2025-06-13","이동의즐거움","4242269","향교","5111012200","교동","정보없음"
"2025-06-13","이동의즐거움","4242270","신촌2리","5111039022","동내면","정보없음"
"2025-06-13","이동의즐거움","4242271","신촌2리","5111039022","동내면","정보없음"
"2025-06-13","이동의즐거움","4242272","후평현대3차","5111012000","후평동","정보없음"
"2025-06-13","이동의즐거움","4242273","후평현대2차","5111012000","후평동","정보없음"
"2025-06-13","이동의즐거움","4242274","강원도재활병원","5111011800","우두동","정보없음"
"2025-06-13","이동의즐거움","4242275","현암리","5111035021","서면","정보없음"
"2025-06-13","이동의즐거움","4242287","혈동2리종점","5111033023","신동면","정보없음"
"2025-06-13","이동의즐거움","4242288","춘천도매물류마트","5111012000","후평동","정보없음"
"2025-06-13","이동의즐거움","4242290","호반A","5111011700","근화동","정보없음"
"2025-06-13","이동의즐거움","4242291","우석중학교","5111012400","석사동","정보없음"
"2025-06-13","이동의즐거움","4242292","호반체육관","5111012400","석사동","정보없음"
"2025-06-13","이동의즐거움","4242295","화목원","5111011900","사농동","정보없음"
"2025-06-13","이동의즐거움","4242296","황골","5111034024","남면","정보없음"
"2025-06-13","이동의즐거움","4242297","발산1리","5111034024","남면","정보없음"
"2025-06-13","이동의즐거움","4242298","중부지구대","5111011200","효자동","정보없음"
"2025-06-13","이동의즐거움","4242299","중부지구대","5111011200","효자동","정보없음"
"2025-06-13","이동의즐거움","4242300","후동2리입구","5111034024","남면","1035"
"2025-06-13","이동의즐거움","4242301","후동2리입구","5111034024","남면","1034"
"2025-06-13","이동의즐거움","4242302","후동리","5111034025","남면","정보없음"
"2025-06-13","이동의즐거움","4242305","후동리","5111034025","남면","정보없음"
"2025-06-13","이동의즐거움","4242307","후동리","5111034025","남면","정보없음"
"2025-06-13","이동의즐거움","4242308","후평3동행복센터","5111012000","후평동","정보없음"
"2025-06-13","이동의즐거움","4242309","후평3동행복센터","5111012000","후평동","정보없음"
"2025-06-13","이동의즐거움","4242310","대우A","5111012000","후평동","정보없음"
"2025-06-13","이동의즐거움","4242311","후평주공4단지","5111012000","후평동","정보없음"
"2025-06-13","이동의즐거움","4242312","후평주공4단지후문","5111012000","후평동","정보없음"
"2025-06-13","이동의즐거움","4242313","후평주공4단지후문","5111012000","후평동","정보없음"
"2025-06-13","이동의즐거움","4242314","후평동종점","5111012000","후평동","정보없음"
"2025-06-13","이동의즐거움","4242363","후평동종점","5111012000","후평동","정보없음"
"2025-06-13","이동의즐거움","4242364","후평주공5단지","5111012000","후평동","정보없음"
"2025-06-13","이동의즐거움","4242365","후평주공6단지","5111012000","후평동","정보없음"
"2025-06-13","이동의즐거움","4242366","후평주공6단지","5111012000","후평동","정보없음"
"2025-06-13","이동의즐거움","4242367","후평주공7단지","5111012000","후평동","정보없음"
"2025-06-13","이동의즐거움","4242368","후평중학교","5111012000","후평동","정보없음"
"2025-06-13","이동의즐거움","4242369","부안주유소","5111012000","후평동","정보없음"
"2025-06-13","이동의즐거움","4242370","중앙로입구","5111010300","낙원동","정보없음"
"2025-06-13","이동의즐거움","4242373","폴리텍2캠퍼스","5111011800","우두동","정보없음"
"2025-06-13","이동의즐거움","4242374","소양강댐주차장","5111025022","신북읍","정보없음"
"2025-06-13","이동의즐거움","4242375","금광터","5111025024","신북읍","정보없음"
"2025-06-13","이동의즐거움","4242376","발산3리","5111025025","신북읍","정보없음"
"2025-06-13","이동의즐거움","4242379","케이티앤지","5111012300","퇴계동","정보없음"
"2025-06-13","이동의즐거움","4242381","광판농협입구","5111040022","남산면","정보없음"
"2025-06-13","이동의즐거움","4242384","휴먼시아1차","5111012300","퇴계동","정보없음"
"2025-06-13","이동의즐거움","4242386","남춘천역2번출구","5111012300","퇴계동","정보없음"
"2025-06-13","이동의즐거움","4242387","남춘천역2번출구","5111012300","퇴계동","정보없음"
"2025-06-13","이동의즐거움","4242388","석사교사거리","5111012400","석사동","정보없음"
"2025-06-13","이동의즐거움","4242393","소양강댐정상","5111025022","신북읍","정보없음"
"2025-06-13","이동의즐거움","4242401","동광길입구","5111012000","후평동","정보없음"
"2025-06-13","이동의즐거움","4242405","원정사입구","5111025022","신북읍","정보없음"
"2025-06-13","이동의즐거움","4242406","유포리","5111025023","신북읍","정보없음"
"2025-06-13","이동의즐거움","4242409","수협","5111011200","효자동","정보없음"
"2025-06-13","이동의즐거움","4242411","전원주택입구","5111036027","사북면","정보없음"
"2025-06-13","이동의즐거움","4242414","전원주택입구","5111036027","사북면","정보없음"
"2025-06-13","이동의즐거움","4242416","오탄3리입구","5111036023","사북면","정보없음"
"2025-06-13","이동의즐거움","4242417","당림1리3반","5111035029","서면","정보없음"
"2025-06-13","이동의즐거움","4242422","덕두원주말농장","5111035028","서면","정보없음"
"2025-06-13","이동의즐거움","4242424","부강연립앞","5111011700","근화동","정보없음"
"2025-06-13","이동의즐거움","4242425","공단입구","5111012000","후평동","정보없음"
"2025-06-13","이동의즐거움","4242426","공단입구","5111012000","후평동","정보없음"
"2025-06-13","이동의즐거움","4242427","삼포","5111033024","신동면","정보없음"
"2025-06-13","이동의즐거움","4242431","월송2리입구","5111035023","서면","정보없음"
"2025-06-13","이동의즐거움","4242432","월송2리입구","5111035023","서면","정보없음"
"2025-06-13","이동의즐거움","4242433","강원대정문","5111011200","효자동","정보없음"
"2025-06-13","이동의즐거움","4242436","강원대정문","5111011200","효자동","정보없음"
"2025-06-13","이동의즐거움","4242440","강원도시가스","5111012000","후평동","정보없음"
"2025-06-13","이동의즐거움","4242442","부강연립","5111011700","근화동","정보없음"
"2025-06-13","이동의즐거움","4242443","강원도시가스","5111012000","후평동","정보없음"
"2025-06-13","이동의즐거움","4242444","평화공원","5111011700","근화동","정보없음"
"2025-06-13","이동의즐거움","4242445","스무숲입구","5111012400","석사동","정보없음"
"2025-06-13","이동의즐거움","4242446","소양1교","5111011300","소양로1가","정보없음"
"2025-06-13","이동의즐거움","4242453","롯데마트석사점","5111012400","석사동","정보없음"
"2025-06-13","이동의즐거움","4242454","롯데마트석사점","5111012400","석사동","정보없음"
"2025-06-13","이동의즐거움","4242455","막국수체험관","5111025024","신북읍","정보없음"
"2025-06-13","이동의즐거움","4242456","서부지구대","5111011700","근화동","정보없음"
"2025-06-13","이동의즐거움","4242466","춘천자원","5111039025","동내면","정보없음"
"2025-06-13","이동의즐거움","4242467","춘천자원","5111039025","동내면","정보없음"
"2025-06-13","이동의즐거움","4242473","백양리종점","5111040029","남산면","정보없음"
"2025-06-13","이동의즐거움","4242480","홈플러스","5111012300","퇴계동","정보없음"
"2025-06-13","이동의즐거움","4242481","신촌1리","5111039022","동내면","정보없음"
"2025-06-13","이동의즐거움","4242482","만천주공A","5111031022","동면","정보없음"
"2025-06-13","이동의즐거움","4242483","만천주공A","5111031022","동면","정보없음"
"2025-06-13","이동의즐거움","4242485","발산1리1반","5111034024","남면","정보없음"
"2025-06-13","이동의즐거움","4242487","거두1리1반","5111039021","동내면","정보없음"
"2025-06-13","이동의즐거움","4242492","방동리입구","5111035022","서면","정보없음"
"2025-06-13","이동의즐거움","4242494","서상2리","5111035024","서면","정보없음"
"2025-06-13","이동의즐거움","4242495","서상2리","5111035024","서면","정보없음"
"2025-06-13","이동의즐거움","4242499","행촌리종점","5111040023","남산면","정보없음"
"2025-06-13","이동의즐거움","4242501","관천리종점","5111034021","남면","정보없음"
"2025-06-13","이동의즐거움","4242502","산천2리종점","5111025025","신북읍","정보없음"
"2025-06-13","이동의즐거움","4242504","청평사종점","5111038022","북산면","정보없음"
"2025-06-13","이동의즐거움","4242506","거두2리마을회관","5111039021","동내면","정보없음"
"2025-06-13","이동의즐거움","4242507","신촌1리","5111039022","동내면","정보없음"
"2025-06-13","이동의즐거움","4242509","올미종점","5111012800","신동","정보없음"
"2025-06-13","이동의즐거움","4242511","지암2교","5111036026","사북면","정보없음"
"2025-06-13","이동의즐거움","4242516","구곡폭포종점","5111040027","남산면","정보없음"
"2025-06-13","이동의즐거움","4242517","안보2리종점","5111035030","서면","정보없음"
"2025-06-13","이동의즐거움","4242518","당림초교","5111035029","서면","정보없음"
"2025-06-13","이동의즐거움","4242520","덕두원2리종점","5111035028","서면","정보없음"
"2025-06-13","이동의즐거움","4242523","수동1리종점","5111040024","남산면","정보없음"
"2025-06-13","이동의즐거움","4242525","설미종점","5111033022","신동면","정보없음"
"2025-06-13","이동의즐거움","4242529","혈동2리종점","5111033023","신동면","정보없음"
"2025-06-13","이동의즐거움","4242533","방동리종점","5111035027","서면","정보없음"
"2025-06-13","이동의즐거움","4242538","꿈자람어린이공원","5111011700","근화동","정보없음"
"2025-06-13","이동의즐거움","4242539","꿈자람어린이공원","5111011700","근화동","정보없음"
"2025-06-13","이동의즐거움","4242540","태백교","5111012400","석사동","정보없음"
"2025-06-13","이동의즐거움","4242542","e편한세상","5111011400","소양로2가","정보없음"
"2025-06-13","이동의즐거움","4242543","한신휴플러스","5111011400","소양로2가","정보없음"
"2025-06-13","이동의즐거움","4242544","팔미1리","5111033022","신동면","정보없음"
"2025-06-13","이동의즐거움","4242546","의암리입구","5111033021","신동면","정보없음"
"2025-06-13","이동의즐거움","4242547","장학교차로","5111031023","동면","정보없음"
"2025-06-13","이동의즐거움","4242548","장학부영A","5111031023","동면","정보없음"
"2025-06-13","이동의즐거움","4242549","장학LH1단지","5111031023","동면","정보없음"
"2025-06-13","이동의즐거움","4242553","학곡리","5111039025","동내면","정보없음"
"2025-06-13","이동의즐거움","4242554","학곡리","5111039025","동내면","정보없음"
"2025-06-13","이동의즐거움","4242556","칠전대우A","5111012600","칠전동","정보없음"
"2025-06-13","이동의즐거움","4242557","의암댐","5111033021","신동면","정보없음"
"2025-06-13","이동의즐거움","4242558","의암댐","5111033021","신동면","정보없음"
"2025-06-13","이동의즐거움","4242564","월송1리","5111035026","서면","정보없음"
"2025-06-13","이동의즐거움","4242565","월송1리","5111035026","서면","정보없음"
"2025-06-13","이동의즐거움","4242568","도재활병원삼거리","5111011800","우두동","정보없음"
"2025-06-13","이동의즐거움","4242569","강원도재활병원","5111011800","우두동","정보없음"
"2025-06-13","이동의즐거움","4242570","우두사거리","5111011800","우두동","정보없음"
"2025-06-13","이동의즐거움","4242571","강원도재활병원","5111011800","우두동","정보없음"
"2025-06-13","이동의즐거움","4242575","운전면허시험장","5111025024","신북읍","정보없음"
"2025-06-13","이동의즐거움","4242580","소양호권역홍보관","5111038024","북산면","정보없음"
"2025-06-13","이동의즐거움","4242584","사암2리마을회관","5111039024","동내면","정보없음"
"2025-06-13","이동의즐거움","4242590","장학2리","5111031023","동면","정보없음"
"2025-06-13","이동의즐거움","4242592","장학해온채A","5111031023","동면","정보없음"
"2025-06-13","이동의즐거움","4242597","지내1리","5111025026","신북읍","정보없음"
"2025-06-13","이동의즐거움","4242600","호수요양병원","5111036027","사북면","정보없음"
"2025-06-13","이동의즐거움","4242601","오월교","5111035025","서면","정보없음"
"2025-06-13","이동의즐거움","4242605","장학1리마을회관","5111031023","동면","정보없음"
"2025-06-13","이동의즐거움","4242607","증4리","5111033024","신동면","정보없음"
"2025-06-13","이동의즐거움","4242608","증4리종점","5111033024","신동면","정보없음"
"2025-06-13","이동의즐거움","4242609","신북사거리","5111025021","신북읍","정보없음"
"2025-06-13","이동의즐거움","4242612","강원숲체험장입구","5111035025","서면","정보없음"
"2025-06-13","이동의즐거움","4242616","하일종점","5111031023","동면","정보없음"
"2025-06-13","이동의즐거움","4242617","하일","5111031023","동면","정보없음"
"2025-06-13","이동의즐거움","4242619","장학2리","5111031023","동면","정보없음"
"2025-06-13","이동의즐거움","4242621","장학해온채A","5111031023","동면","정보없음"
"2025-06-13","이동의즐거움","4242624","거두농공단지","5111039021","동내면","정보없음"
"2025-06-13","이동의즐거움","4242625","거두농공단지","5111039021","동내면","정보없음"
"2025-06-13","이동의즐거움","4242627","거두농공단지종점","5111039021","동내면","정보없음"
"2025-06-13","이동의즐거움","4242638","서천리주명교","5111040028","남산면","정보없음"
"2025-06-13","이동의즐거움","4242640","인성학교입구","5111038025","북산면","정보없음"
"2025-06-13","이동의즐거움","4242690","한덕리","5111034027","남면","정보없음"
"2025-06-13","이동의즐거움","4242691","산수리","5111040031","남산면","정보없음"
"2025-06-13","이동의즐거움","4242695","전인고등학교","5111032023","동산면","정보없음"
"2025-06-13","이동의즐거움","4242697","원창교","5111032023","동산면","정보없음"
"2025-06-13","이동의즐거움","4242707","하일입구","5111031023","동면","정보없음"
"2025-06-13","이동의즐거움","4242709","강원고앞","5111031023","동면","정보없음"
"2025-06-13","이동의즐거움","4242717","군자1리","5111032024","동산면","정보없음"
"2025-06-13","이동의즐거움","4242739","산수리감투봉","5111040031","남산면","정보없음"
"2025-06-13","이동의즐거움","4242743","강원체육회관","5111012700","송암동","정보없음"
"2025-06-13","이동의즐거움","4242747","백양2리3반","5111040029","남산면","정보없음"
"2025-06-13","이동의즐거움","4242770","산수1리마을회관","5111040031","남산면","정보없음"
"2025-06-13","이동의즐거움","4242782","방송통신대앞","5111011200","효자동","정보없음"
"2025-06-13","이동의즐거움","4242783","강남동행복센터","5111012100","온의동","정보없음"
"2025-06-13","이동의즐거움","4242784","타워푸르지오A","5111012100","온의동","정보없음"
"2025-06-13","이동의즐거움","4242787","남춘천여중","5111012100","온의동","정보없음"
"2025-06-13","이동의즐거움","4242788","남춘천여중","5111012300","퇴계동","정보없음"
"2025-06-13","이동의즐거움","4242789","한숲시티A","5111012300","퇴계동","정보없음"
"2025-06-13","이동의즐거움","4242790","한숲시티A","5111012300","퇴계동","정보없음"
"2025-06-13","이동의즐거움","4242791","뉴시티코아루A","5111011900","사농동","정보없음"
"2025-06-13","이동의즐거움","4242792","뉴시티코아루A","5111011900","사농동","정보없음"
"2025-06-13","이동의즐거움","4242793","신동초교","5111011800","우두동","정보없음"
"2025-06-13","이동의즐거움","4242794","신동초교","5111011800","우두동","정보없음"
"2025-06-13","이동의즐거움","4242795","천년나무A","5111011800","우두동","정보없음"
"2025-06-13","이동의즐거움","4242796","천년나무A","5111011800","우두동","정보없음"
"2025-06-13","이동의즐거움","4242797","우두사거리","5111011800","우두동","정보없음"
"2025-06-13","이동의즐거움","4242798","국군춘천병원종점","5111012800","신동","정보없음"
"2025-06-13","이동의즐거움","4242804","춘천시청","5111010800","조양동","정보없음"
"2025-06-13","이동의즐거움","4242805","강원대중앙도서관","5111011200","효자동","정보없음"
"2025-06-13","이동의즐거움","4242806","강원대중앙도서관","5111011200","효자동","정보없음"
"2025-06-13","이동의즐거움","4242807","강원대백록관","5111011200","효자동","정보없음"
"2025-06-13","이동의즐거움","4242808","강원대백록관","5111011200","효자동","정보없음"
"2025-06-13","이동의즐거움","4242809","로컬푸드직매장","5111031023","동면","정보없음"
"2025-06-13","이동의즐거움","4242811","소양교차로","5111031023","동면","정보없음"
"2025-06-13","이동의즐거움","4242812","소양교차로","5111031023","동면","정보없음"
"2025-06-13","이동의즐거움","4242813","장학2리입구","5111031023","동면","정보없음"
"2025-06-13","이동의즐거움","4242814","장학2리입구","5111031023","동면","정보없음"
"2025-06-13","이동의즐거움","4242815","아이파크A","5111031023","동면","정보없음"
"2025-06-13","이동의즐거움","4242816","아이파크A","5111031023","동면","정보없음"
"2025-06-13","이동의즐거움","4242817","춘천여고앞","5111031022","동면","정보없음"
"2025-06-13","이동의즐거움","4242818","춘천여고앞","5111031022","동면","정보없음"
"2025-06-13","이동의즐거움","4242819","만천2리마을회관","5111031022","동면","정보없음"
"2025-06-13","이동의즐거움","4242820","만천2리마을회관","5111031022","동면","정보없음"
"2025-06-13","이동의즐거움","4242821","만천로143번길","5111031022","동면","정보없음"
"2025-06-13","이동의즐거움","4242822","만천로143번길","5111031022","동면","정보없음"
"2025-06-13","이동의즐거움","4242823","골든빌리지","5111031022","동면","정보없음"
"2025-06-13","이동의즐거움","4242824","골든빌리지","5111031022","동면","정보없음"
"2025-06-13","이동의즐거움","4242825","거두1리사거리","5111039021","동내면","정보없음"
"2025-06-13","이동의즐거움","4242826","거두1리사거리","5111039021","동내면","정보없음"
"2025-06-13","이동의즐거움","4242829","강변코아루A","5111011800","우두동","정보없음"
"2025-06-13","이동의즐거움","4242830","강변코아루A","5111011800","우두동","정보없음"
"2025-06-13","이동의즐거움","4242832","두산위브A","5111012000","후평동","정보없음"
"2025-06-13","이동의즐거움","4242835","우두택지","5111011800","우두동","정보없음"
"2025-06-13","이동의즐거움","4242836","우두택지","5111011800","우두동","정보없음"
"2025-06-13","이동의즐거움","4242837","샘밭장터","5111025021","신북읍","정보없음"
"2025-06-13","이동의즐거움","4242838","샘밭장터","5111025021","신북읍","정보없음"
"2025-06-13","이동의즐거움","4242839","강원대국제생활관","5111012000","후평동","정보없음"
"2025-06-13","이동의즐거움","4242875","안마산로입구","5111012100","온의동","정보없음"
"2025-06-13","이동의즐거움","4242876","인형극장앞","5111011900","사농동","정보없음"
"2025-06-13","이동의즐거움","4242878","파크자이A","5111012500","삼천동","정보없음"
"2025-06-13","이동의즐거움","4242879","파크자이A","5111012100","온의동","정보없음"
"2025-06-13","이동의즐거움","4242880","우미린A","5111012000","후평동","정보없음"
"2025-06-13","이동의즐거움","4242881","금호빌리지","5111012000","후평동","정보없음"
"2025-06-13","이동의즐거움","4242882","롯데마트춘천점","5111012100","온의동","정보없음"
"2025-06-13","이동의즐거움","4242883","온의롯데캐슬","5111012100","온의동","정보없음"
"2025-06-13","이동의즐거움","4242884","강원도립극단","5111012300","퇴계동","정보없음"
"2025-06-13","이동의즐거움","4242885","삼천동사거리","5111012500","삼천동","정보없음"
"2025-06-13","이동의즐거움","4242886","KT","5111011500","소양로3가","정보없음"
"2025-06-13","이동의즐거움","4242887","삼천동사거리","5111012500","삼천동","정보없음"
"2025-06-13","이동의즐거움","4242888","매운탕골입구","5111035025","서면","정보없음"
"2025-06-13","이동의즐거움","4242891","바이오산업진흥원","5111012000","후평동","정보없음"
"2025-06-13","이동의즐거움","4242892","롯데캐슬더퍼스트","5111011800","우두동","정보없음"
"2025-06-13","이동의즐거움","4242893","우두이지더원A","5111011800","우두동","정보없음"
"2025-06-13","이동의즐거움","4242894","파크에뷰A","5111011800","우두동","정보없음"
"2025-06-13","이동의즐거움","4242895","롯데캐슬더퍼스트","5111011800","우두동","정보없음"
"2025-06-13","이동의즐거움","4242896","레고랜드정문","5111012900","중도동","정보없음"
"2025-06-13","이동의즐거움","4242897","레고랜드정문","5111012900","중도동","정보없음"
"2025-06-13","이동의즐거움","4242898","상중도입구","5111012900","중도동","정보없음"
"2025-06-13","이동의즐거움","4242899","상중도입구","5111012900","중도동","정보없음"
"2025-06-13","이동의즐거움","4242900","솔밭공원","5111012600","칠전동","정보없음"
"2025-06-13","이동의즐거움","4242901","춘천농협엔타점","5111012400","석사동","정보없음"
"2025-06-13","이동의즐거움","4242903","서인병원","5111032024","동산면","정보없음"
"2025-06-13","이동의즐거움","4242904","서인병원","5111032024","동산면","정보없음"
"2025-06-13","이동의즐거움","4242905","폴리텍입구","5111032023","동산면","정보없음"
"2025-06-13","이동의즐거움","4242907","팔미교","5111033024","신동면","정보없음"
"2025-06-13","이동의즐거움","4242910","홈플러스","5111012300","퇴계동","정보없음"
"2025-06-13","이동의즐거움","4242913","안보2리입구","5111035030","서면","정보없음"
"2025-06-13","이동의즐거움","4242914","오탄리","5111036023","사북면","정보없음"
"2025-06-13","이동의즐거움","4242915","오탄리","5111036023","사북면","정보없음"
"2025-06-13","이동의즐거움","4242916","온의보배","5111012100","온의동","정보없음"
"2025-06-13","이동의즐거움","4242917","온의보배","5111012100","온의동","정보없음"
"2025-06-13","이동의즐거움","4242918","송암삼거리","5111036027","사북면","정보없음"
"2025-06-13","이동의즐거움","4242919","상공회의소","5111031023","동면","정보없음"
"2025-06-13","이동의즐거움","4242920","상공회의소","5111031023","동면","정보없음"
"2025-06-13","이동의즐거움","4242926","춘천원예농협","5111011900","사농동","정보없음"
"2025-06-13","이동의즐거움","4242927","장학LH정문","5111031023","동면","정보없음"
"2025-06-13","이동의즐거움","4242928","퇴계행복센터","5111012300","퇴계동","정보없음"
"2025-06-13","이동의즐거움","4242929","퇴계행복센터","5111012300","퇴계동","정보없음"
"2025-06-13","이동의즐거움","4242930","화물공영차고지","5111039025","동내면","정보없음"
"2025-06-13","이동의즐거움","4242931","화물공영차고지","5111039025","동내면","정보없음"
"2025-06-13","이동의즐거움","4242933","충의대교","5111034024","남면","정보없음"
"2025-06-13","이동의즐거움","4242935","모아엘가그랑데","5111039025","동내면","정보없음"
"2025-06-13","이동의즐거움","4242936","모아엘가그랑데","5111039025","동내면","정보없음"
"2025-06-13","이동의즐거움","4242937","모아엘가비스타","5111039025","동내면","정보없음"
"2025-06-13","이동의즐거움","4242938","모아엘가비스타","5111039025","동내면","정보없음"
"2025-06-13","이동의즐거움","4242939","우석로입구","5111012400","석사동","정보없음"
"2025-06-13","이동의즐거움","4242940","우석로입구","5111012400","석사동","정보없음"
"2025-06-13","이동의즐거움","4242942","신동로","5111012800","신동","정보없음"
"2025-06-13","이동의즐거움","4242943","율문교","5111025025","신북읍","정보없음"
"2025-06-13","이동의즐거움","4242946","삼한교","5111025025","신북읍","정보없음"
"2025-06-13","이동의즐거움","4242947","학곡지구입구","5111039025","동내면","정보없음"
"2025-06-13","이동의즐거움","4242949","상일사거리","5111031023","동면","정보없음"
"2025-06-13","이동의즐거움","4242950","상일사거리","5111031023","동면","정보없음"
"2025-06-13","이동의즐거움","4242951","학곡지구입구","5111039025","동내면","정보없음"
