조사 순번,정류장 번호,관리번호,정류장명(카카오맵 표시명),정류장명(영어),경도,위도,현행 확인 출처,카카오맵 표시 방면,공식 노선순서 기반 진행방면,카카오맵 정류장 검색 URL,카카오 로드뷰 URL,그늘,의자,조명,도착안내기,촬영시점(YYYY.MM),조사자,비고
1,2303,250026567,강촌역,Gangchon Station,127.6343,37.80629,TAGO·카카오맵,강촌역입구 방면,강촌역입구 / 강촌1리회관 방면,https://map.kakao.com/link/search/%EA%B0%95%EC%B4%8C%EC%97%AD%202303%20%EB%B2%84%EC%8A%A4%EC%A0%95%EB%A5%98%EC%9E%A5,"https://map.kakao.com/link/roadview/37.80629,127.6343",,,,있음,,,
2,5956,257800106,용골상회,Yonggol General Store,127.67979,37.69151,TAGO·카카오맵,반곡망단이 방면,반곡망단이 방면,https://map.kakao.com/link/search/%EC%9A%A9%EA%B3%A8%EC%83%81%ED%9A%8C%205956%20%EB%B2%84%EC%8A%A4%EC%A0%95%EB%A5%98%EC%9E%A5,"https://map.kakao.com/link/roadview/37.69151,127.67979",,,,,,,
3,5957,257800107,용골상회,Yonggol General Store,127.6799,37.69125,TAGO·카카오맵,밤나무골 방면,밤나무골 방면,https://map.kakao.com/link/search/%EC%9A%A9%EA%B3%A8%EC%83%81%ED%9A%8C%205957%20%EB%B2%84%EC%8A%A4%EC%A0%95%EB%A5%98%EC%9E%A5,"https://map.kakao.com/link/roadview/37.69125,127.6799",,,,,,,
4,2628,250026903,강원대중앙도서관,Kangwon National University Central Library,127.74415,37.8711,TAGO·카카오맵,강원대백록관 방면,강원대백록관 방면,https://map.kakao.com/link/search/%EA%B0%95%EC%9B%90%EB%8C%80%EC%A4%91%EC%95%99%EB%8F%84%EC%84%9C%EA%B4%80%202628%20%EB%B2%84%EC%8A%A4%EC%A0%95%EB%A5%98%EC%9E%A5,"https://map.kakao.com/link/roadview/37.8711,127.74415",,,,,,,
5,2629,250026904,강원대중앙도서관,Kangwon National University Central Library,127.7443,37.87107,TAGO·카카오맵,강원대후문 방면,강원대후문 방면,https://map.kakao.com/link/search/%EA%B0%95%EC%9B%90%EB%8C%80%EC%A4%91%EC%95%99%EB%8F%84%EC%84%9C%EA%B4%80%202629%20%EB%B2%84%EC%8A%A4%EC%A0%95%EB%A5%98%EC%9E%A5,"https://map.kakao.com/link/roadview/37.87107,127.7443",,,,,,,
6,5958,257800108,반곡망단이,Bangok Mangdani,127.67385,37.69522,TAGO·카카오맵,반곡교 방면,산수리감투봉 방면,https://map.kakao.com/link/search/%EB%B0%98%EA%B3%A1%EB%A7%9D%EB%8B%A8%EC%9D%B4%205958%20%EB%B2%84%EC%8A%A4%EC%A0%95%EB%A5%98%EC%9E%A5,"https://map.kakao.com/link/roadview/37.69522,127.67385",,,,,,,
7,5959,257800109,반곡망단이,Bangok Mangdani,127.67378,37.69508,TAGO·카카오맵,밤나무골 방면,용골상회 방면,https://map.kakao.com/link/search/%EB%B0%98%EA%B3%A1%EB%A7%9D%EB%8B%A8%EC%9D%B4%205959%20%EB%B2%84%EC%8A%A4%EC%A0%95%EB%A5%98%EC%9E%A5,"https://map.kakao.com/link/roadview/37.69508,127.67378",,,,,,,
8,2468,250026741,구곡폭포종점,Gugokpokpo Terminus,127.61677,37.79725,TAGO·카카오맵,강촌리 방면,강촌리 방면,https://map.kakao.com/link/search/%EA%B5%AC%EA%B3%A1%ED%8F%AD%ED%8F%AC%EC%A2%85%EC%A0%90%202468%20%EB%B2%84%EC%8A%A4%EC%A0%95%EB%A5%98%EC%9E%A5,"https://map.kakao.com/link/roadview/37.79725,127.61677",,,,,,,
9,1458,250001725,거두1리,Geodu 1(il)-ri,127.76704,37.86199,TAGO·카카오맵,거두1리1반 방면,거두1리1반 방면,https://map.kakao.com/link/search/%EA%B1%B0%EB%91%901%EB%A6%AC%201458%20%EB%B2%84%EC%8A%A4%EC%A0%95%EB%A5%98%EC%9E%A5,"https://map.kakao.com/link/roadview/37.86199,127.76704",,,,,,,
10,1459,250001726,거두1리,Geodu 1(il)-ri,127.76721,37.86208,TAGO·카카오맵,거두1리마을회관 방면,거두1리마을회관 방면,https://map.kakao.com/link/search/%EA%B1%B0%EB%91%901%EB%A6%AC%201459%20%EB%B2%84%EC%8A%A4%EC%A0%95%EB%A5%98%EC%9E%A5,"https://map.kakao.com/link/roadview/37.86208,127.76721",,,,,,,
11,1597,250001951,폴리텍대학,Korea Polytechnics,127.77377,37.79734,TAGO·카카오맵,할렐루야기도원 방면,할렐루야기도원 방면,https://map.kakao.com/link/search/%ED%8F%B4%EB%A6%AC%ED%85%8D%EB%8C%80%ED%95%99%201597%20%EB%B2%84%EC%8A%A4%EC%A0%95%EB%A5%98%EC%9E%A5,"https://map.kakao.com/link/roadview/37.79734,127.77377",,,,,,,
12,5563,257001453,밤벌유원지,Bambeol Recreation Area,127.69013,37.69205,TAGO·카카오맵,용장사입구 방면,용장사입구 방면,https://map.kakao.com/link/search/%EB%B0%A4%EB%B2%8C%EC%9C%A0%EC%9B%90%EC%A7%80%205563%20%EB%B2%84%EC%8A%A4%EC%A0%95%EB%A5%98%EC%9E%A5,"https://map.kakao.com/link/roadview/37.69205,127.69013",,,,,,,
13,5564,257001454,밤벌유원지,Bambeol Recreation Area,127.68996,37.69202,TAGO·카카오맵,밤나무골 방면,밤나무골 방면,https://map.kakao.com/link/search/%EB%B0%A4%EB%B2%8C%EC%9C%A0%EC%9B%90%EC%A7%80%205564%20%EB%B2%84%EC%8A%A4%EC%A0%95%EB%A5%98%EC%9E%A5,"https://map.kakao.com/link/roadview/37.69202,127.68996",,,,,,,
14,2832,250027125,무림정사입구,Murimjeongsa Entrance,127.58285,37.86425,TAGO·카카오맵,무림정사입구 방면,무림정사입구 방면,https://map.kakao.com/link/search/%EB%AC%B4%EB%A6%BC%EC%A0%95%EC%82%AC%EC%9E%85%EA%B5%AC%202832%20%EB%B2%84%EC%8A%A4%EC%A0%95%EB%A5%98%EC%9E%A5,"https://map.kakao.com/link/roadview/37.86425,127.58285",,,,,,,
15,2833,250027126,무림정사입구,Murimjeongsa Entrance,127.58272,37.8642,TAGO·카카오맵,안보2리3반 방면,안보2리3반 방면,https://map.kakao.com/link/search/%EB%AC%B4%EB%A6%BC%EC%A0%95%EC%82%AC%EC%9E%85%EA%B5%AC%202833%20%EB%B2%84%EC%8A%A4%EC%A0%95%EB%A5%98%EC%9E%A5,"https://map.kakao.com/link/roadview/37.8642,127.58272",,,,,,,
16,2104,250002127,한림대학교,Hallym University,127.7384,37.88355,TAGO·카카오맵,향교 방면,향교 / 인성병원 방면,https://map.kakao.com/link/search/%ED%95%9C%EB%A6%BC%EB%8C%80%ED%95%99%EA%B5%90%202104%20%EB%B2%84%EC%8A%A4%EC%A0%95%EB%A5%98%EC%9E%A5,"https://map.kakao.com/link/roadview/37.88355,127.7384",,,,있음,,,
17,1735,265000872,장학교차로,Janghak Intersection,127.7556,37.89256,TAGO·카카오맵,춘천여고 방면,춘천여고 방면,https://map.kakao.com/link/search/%EC%9E%A5%ED%95%99%EA%B5%90%EC%B0%A8%EB%A1%9C%201735%20%EB%B2%84%EC%8A%A4%EC%A0%95%EB%A5%98%EC%9E%A5,"https://map.kakao.com/link/roadview/37.89256,127.7556",,,,,,,
18,2175,250002198,산천1리,Sancheon 1(il)-ri,127.75226,37.94754,TAGO·카카오맵,강원도농업기술원 방면,강원도농업기술원 방면,https://map.kakao.com/link/search/%EC%82%B0%EC%B2%9C1%EB%A6%AC%202175%20%EB%B2%84%EC%8A%A4%EC%A0%95%EB%A5%98%EC%9E%A5,"https://map.kakao.com/link/roadview/37.94754,127.75226",,,,,,,
19,2176,250002199,산천1리,Sancheon 1(il)-ri,127.75233,37.94778,TAGO·카카오맵,면허시험장입구 방면,면허시험장입구 방면,https://map.kakao.com/link/search/%EC%82%B0%EC%B2%9C1%EB%A6%AC%202176%20%EB%B2%84%EC%8A%A4%EC%A0%95%EB%A5%98%EC%9E%A5,"https://map.kakao.com/link/roadview/37.94778,127.75233",,,,,,,
20,1482,250001749,강원대학병원,Kangwon National University Hospital,127.74331,37.87484,TAGO·카카오맵,푸른언덕공원 방면,푸른언덕공원 방면,https://map.kakao.com/link/search/%EA%B0%95%EC%9B%90%EB%8C%80%ED%95%99%EB%B3%91%EC%9B%90%201482%20%EB%B2%84%EC%8A%A4%EC%A0%95%EB%A5%98%EC%9E%A5,"https://map.kakao.com/link/roadview/37.87484,127.74331",,,,있음,,,
21,2177,250002200,산수빌A,Sansubil Apartment,127.76486,37.84752,TAGO·카카오맵,신촌2리 방면,신촌2리 방면,https://map.kakao.com/link/search/%EC%82%B0%EC%88%98%EB%B9%8CA%202177%20%EB%B2%84%EC%8A%A4%EC%A0%95%EB%A5%98%EC%9E%A5,"https://map.kakao.com/link/roadview/37.84752,127.76486",,,,,,,
22,5960,257800113,역전평,Yeokjeonpyeong,127.79631,37.72871,TAGO·카카오맵,굴지리종점 방면,굴지리종점 방면,https://map.kakao.com/link/search/%EC%97%AD%EC%A0%84%ED%8F%89%205960%20%EB%B2%84%EC%8A%A4%EC%A0%95%EB%A5%98%EC%9E%A5,"https://map.kakao.com/link/roadview/37.72871,127.79631",,,,,,,
23,5961,257800114,역전평,Yeokjeonpyeong,127.7965,37.72867,TAGO,,조양2리 방면,https://map.kakao.com/link/search/%EC%97%AD%EC%A0%84%ED%8F%89%205961%20%EB%B2%84%EC%8A%A4%EC%A0%95%EB%A5%98%EC%9E%A5,"https://map.kakao.com/link/roadview/37.72867,127.7965",,,,,,,
24,1491,250001758,애니고등학교,Gangwon Animation High School,127.70024,37.90492,TAGO·카카오맵,과수원마을입구 방면,과수원마을입구 방면,https://map.kakao.com/link/search/%EC%95%A0%EB%8B%88%EA%B3%A0%EB%93%B1%ED%95%99%EA%B5%90%201491%20%EB%B2%84%EC%8A%A4%EC%A0%95%EB%A5%98%EC%9E%A5,"https://map.kakao.com/link/roadview/37.90492,127.70024",,,,있음,,,
25,1600,250001954,원창1리,Wonchang 1(il)-ri,127.74998,37.78839,TAGO·카카오맵,원창교 방면,원창교 방면,https://map.kakao.com/link/search/%EC%9B%90%EC%B0%BD1%EB%A6%AC%201600%20%EB%B2%84%EC%8A%A4%EC%A0%95%EB%A5%98%EC%9E%A5,"https://map.kakao.com/link/roadview/37.78839,127.74998",,,,,,,
26,1601,250001955,원창1리,Wonchang 1(il)-ri,127.75005,37.78828,TAGO·카카오맵,전인고등학교 방면,전인고등학교 방면,https://map.kakao.com/link/search/%EC%9B%90%EC%B0%BD1%EB%A6%AC%201601%20%EB%B2%84%EC%8A%A4%EC%A0%95%EB%A5%98%EC%9E%A5,"https://map.kakao.com/link/roadview/37.78828,127.75005",,,,,,,
27,1067,265000756,홈플러스,Homeplus,127.73385,37.85092,카카오맵,퇴계농공단지입구 방면,퇴계농공단지입구 방면,https://map.kakao.com/link/search/%ED%99%88%ED%94%8C%EB%9F%AC%EC%8A%A4%201067%20%EB%B2%84%EC%8A%A4%EC%A0%95%EB%A5%98%EC%9E%A5,"https://map.kakao.com/link/roadview/37.85092,127.73385",,,,있음,,,
28,2416,250026689,홈플러스,Homeplus,127.73411,37.85085,TAGO·카카오맵,중앙하이츠1차 방면,중앙하이츠1차 / 퇴계우성A 방면,https://map.kakao.com/link/search/%ED%99%88%ED%94%8C%EB%9F%AC%EC%8A%A4%202416%20%EB%B2%84%EC%8A%A4%EC%A0%95%EB%A5%98%EC%9E%A5,"https://map.kakao.com/link/roadview/37.85085,127.73411",,,,,,,
29,1914,250001594,대원사,Daewonsa,127.68557,37.84507,카카오맵,송암스포츠타운입구 방면,송암스포츠타운입구 / 강원체육회관 방면,https://map.kakao.com/link/search/%EB%8C%80%EC%9B%90%EC%82%AC%201914%20%EB%B2%84%EC%8A%A4%EC%A0%95%EB%A5%98%EC%9E%A5,"https://map.kakao.com/link/roadview/37.84507,127.68557",,,,,,,
30,1915,250001595,대원사,Daewonsa,127.6857,37.84517,TAGO·카카오맵,의암댐 방면,의암댐 방면,https://map.kakao.com/link/search/%EB%8C%80%EC%9B%90%EC%82%AC%201915%20%EB%B2%84%EC%8A%A4%EC%A0%95%EB%A5%98%EC%9E%A5,"https://map.kakao.com/link/roadview/37.84517,127.6857",,,,,,,
31,2214,250002237,푸른언덕공원,Pureuneondeok Park,127.7463,37.87627,TAGO·카카오맵,후평중학교 방면,후평중학교 방면,https://map.kakao.com/link/search/%ED%91%B8%EB%A5%B8%EC%96%B8%EB%8D%95%EA%B3%B5%EC%9B%90%202214%20%EB%B2%84%EC%8A%A4%EC%A0%95%EB%A5%98%EC%9E%A5,"https://map.kakao.com/link/roadview/37.87627,127.7463",,,,,,,
32,2017,265000786,송암삼거리,Song-am sam geori,127.70284,37.98796,TAGO·카카오맵,전원주택입구 방면,전원주택입구 방면,https://map.kakao.com/link/search/%EC%86%A1%EC%95%94%EC%82%BC%EA%B1%B0%EB%A6%AC%202017%20%EB%B2%84%EC%8A%A4%EC%A0%95%EB%A5%98%EC%9E%A5,"https://map.kakao.com/link/roadview/37.98796,127.70284",,,,,,,
33,2075,250002098,송암삼거리,Song-am sam geori,127.70335,37.98836,TAGO·카카오맵,송암리 방면,송암리 방면,https://map.kakao.com/link/search/%EC%86%A1%EC%95%94%EC%82%BC%EA%B1%B0%EB%A6%AC%202075%20%EB%B2%84%EC%8A%A4%EC%A0%95%EB%A5%98%EC%9E%A5,"https://map.kakao.com/link/roadview/37.98836,127.70335",,,,,,,
34,1868,250001548,동보빌리지,Dongbo Village,127.74144,37.88358,TAGO·카카오맵,세경3차 방면,세경3차 방면,https://map.kakao.com/link/search/%EB%8F%99%EB%B3%B4%EB%B9%8C%EB%A6%AC%EC%A7%80%201868%20%EB%B2%84%EC%8A%A4%EC%A0%95%EB%A5%98%EC%9E%A5,"https://map.kakao.com/link/roadview/37.88358,127.74144",,,,,,,
35,5049,257000114,굴지리종점,Gulji-ri Terminus,127.79775,37.70913,TAGO·카카오맵,굴지리종점 방면,굴지리종점 방면,https://map.kakao.com/link/search/%EA%B5%B4%EC%A7%80%EB%A6%AC%EC%A2%85%EC%A0%90%205049%20%EB%B2%84%EC%8A%A4%EC%A0%95%EB%A5%98%EC%9E%A5,"https://map.kakao.com/link/roadview/37.70913,127.79775",,,,,,,
36,5574,257001645,굴지리종점,Gulji-ri Terminus,127.79772,37.7089,TAGO·카카오맵,역전평 방면,역전평 방면,https://map.kakao.com/link/search/%EA%B5%B4%EC%A7%80%EB%A6%AC%EC%A2%85%EC%A0%90%205574%20%EB%B2%84%EC%8A%A4%EC%A0%95%EB%A5%98%EC%9E%A5,"https://map.kakao.com/link/roadview/37.7089,127.79772",,,,,,,
37,2561,250026834,칠전대우A,Chiljeon Daewoo Apartment,127.71321,37.84487,카카오맵,춘천예비군훈련장 방면,춘천예비군훈련장 방면,https://map.kakao.com/link/search/%EC%B9%A0%EC%A0%84%EB%8C%80%EC%9A%B0A%202561%20%EB%B2%84%EC%8A%A4%EC%A0%95%EB%A5%98%EC%9E%A5,"https://map.kakao.com/link/roadview/37.84487,127.71321",,,,,,,
38,1978,250001659,교동초교입구,Gyodong Elementary School Entrance,127.73768,37.87733,TAGO·카카오맵,봉의중학교 방면,봉의중학교 방면,https://map.kakao.com/link/search/%EA%B5%90%EB%8F%99%EC%B4%88%EA%B5%90%EC%9E%85%EA%B5%AC%201978%20%EB%B2%84%EC%8A%A4%EC%A0%95%EB%A5%98%EC%9E%A5,"https://map.kakao.com/link/roadview/37.87733,127.73768",,,,,,,
39,1307,250001139,방동1리,Bangdong 1(il)-ri,127.68049,37.89588,TAGO·카카오맵,금산3리 방면,금산3리 방면,https://map.kakao.com/link/search/%EB%B0%A9%EB%8F%991%EB%A6%AC%201307%20%EB%B2%84%EC%8A%A4%EC%A0%95%EB%A5%98%EC%9E%A5,"https://map.kakao.com/link/roadview/37.89588,127.68049",,,,,,,
40,1696,250001798,현지사,Hyeonjisa,127.64548,38.0448,TAGO·카카오맵,지촌2리 방면,지촌2리 방면,https://map.kakao.com/link/search/%ED%98%84%EC%A7%80%EC%82%AC%201696%20%EB%B2%84%EC%8A%A4%EC%A0%95%EB%A5%98%EC%9E%A5,"https://map.kakao.com/link/roadview/38.0448,127.64548",,,,,,,
41,2144,250002167,서면행정복지센터,Seo-myeon Community Service Center,127.69374,37.89808,TAGO·카카오맵,시청자미디어센터 방면,시청자미디어센터 방면,https://map.kakao.com/link/search/%EC%84%9C%EB%A9%B4%ED%96%89%EC%A0%95%EB%B3%B5%EC%A7%80%EC%84%BC%ED%84%B0%202144%20%EB%B2%84%EC%8A%A4%EC%A0%95%EB%A5%98%EC%9E%A5,"https://map.kakao.com/link/roadview/37.89808,127.69374",,,,,,,
42,2145,250002168,서면행정복지센터,Seo-myeon Community Service Center,127.69411,37.89836,TAGO·카카오맵,금산2리 방면,금산2리 방면,https://map.kakao.com/link/search/%EC%84%9C%EB%A9%B4%ED%96%89%EC%A0%95%EB%B3%B5%EC%A7%80%EC%84%BC%ED%84%B0%202145%20%EB%B2%84%EC%8A%A4%EC%A0%95%EB%A5%98%EC%9E%A5,"https://map.kakao.com/link/roadview/37.89836,127.69411",,,,있음,,,
43,2726,250027001,장본교앞사거리,Jangbongyo Sageori,127.76895,37.95398,TAGO·카카오맵,배후령터널 방면,간척사거리 / 유포2리종점 방면,https://map.kakao.com/link/search/%EC%9E%A5%EB%B3%B8%EA%B5%90%EC%95%9E%EC%82%AC%EA%B1%B0%EB%A6%AC%202726%20%EB%B2%84%EC%8A%A4%EC%A0%95%EB%A5%98%EC%9E%A5,"https://map.kakao.com/link/roadview/37.95398,127.76895",,,,,,,
44,2727,250027002,장본교앞사거리,Jangbongyo Sageori,127.76894,37.95409,TAGO·카카오맵,아침못종점 방면,아침못종점 방면,https://map.kakao.com/link/search/%EC%9E%A5%EB%B3%B8%EA%B5%90%EC%95%9E%EC%82%AC%EA%B1%B0%EB%A6%AC%202727%20%EB%B2%84%EC%8A%A4%EC%A0%95%EB%A5%98%EC%9E%A5,"https://map.kakao.com/link/roadview/37.95409,127.76894",,,,,,,
45,2310,250026574,남춘천역2번출구,Namchuncheon Station Exit 2(i),127.72481,37.86371,TAGO·카카오맵,퇴계일성A 방면,타워푸르지오A / 퇴계일성A 방면,https://map.kakao.com/link/search/%EB%82%A8%EC%B6%98%EC%B2%9C%EC%97%AD2%EB%B2%88%EC%B6%9C%EA%B5%AC%202310%20%EB%B2%84%EC%8A%A4%EC%A0%95%EB%A5%98%EC%9E%A5,"https://map.kakao.com/link/roadview/37.86371,127.72481",,,,있음,,,
46,2317,250026581,남춘천역2번출구,Namchuncheon Station Exit 2(i),127.72476,37.86384,TAGO·카카오맵,남춘천역 방면,남춘천역 / 케이티앤지 방면,https://map.kakao.com/link/search/%EB%82%A8%EC%B6%98%EC%B2%9C%EC%97%AD2%EB%B2%88%EC%B6%9C%EA%B5%AC%202317%20%EB%B2%84%EC%8A%A4%EC%A0%95%EB%A5%98%EC%9E%A5,"https://map.kakao.com/link/roadview/37.86384,127.72476",,,,,,,
47,1372,250001373,강원생명과학고,GW Biological Science High School,127.72324,37.90903,TAGO·카카오맵,사농현대A 방면,사농현대A / 신북사거리 방면,https://map.kakao.com/link/search/%EA%B0%95%EC%9B%90%EC%83%9D%EB%AA%85%EA%B3%BC%ED%95%99%EA%B3%A0%201372%20%EB%B2%84%EC%8A%A4%EC%A0%95%EB%A5%98%EC%9E%A5,"https://map.kakao.com/link/roadview/37.90903,127.72324",,,,있음,,,
48,1373,250001374,강원생명과학고,GW Biological Science High School,127.72299,37.9089,TAGO·카카오맵,소양중학교 방면,소양중학교 / 농산물도매시장 방면,https://map.kakao.com/link/search/%EA%B0%95%EC%9B%90%EC%83%9D%EB%AA%85%EA%B3%BC%ED%95%99%EA%B3%A0%201373%20%EB%B2%84%EC%8A%A4%EC%A0%95%EB%A5%98%EC%9E%A5,"https://map.kakao.com/link/roadview/37.9089,127.72299",,,,있음,,,
49,2388,250026661,춘천고용복지센터,Chuncheon Employment Welfare Center,127.74471,37.85146,TAGO·카카오맵,퇴계주공4차 방면,퇴계주공4차 / 스무숲입구 방면,https://map.kakao.com/link/search/%EC%B6%98%EC%B2%9C%EA%B3%A0%EC%9A%A9%EB%B3%B5%EC%A7%80%EC%84%BC%ED%84%B0%202388%20%EB%B2%84%EC%8A%A4%EC%A0%95%EB%A5%98%EC%9E%A5,"https://map.kakao.com/link/roadview/37.85146,127.74471",,,,,,,
50,1270,250001095,창촌1리,Changchon 1(il)-ri,127.65051,37.78475,TAGO·카카오맵,수동1리입구 방면,수동1리입구 방면,https://map.kakao.com/link/search/%EC%B0%BD%EC%B4%8C1%EB%A6%AC%201270%20%EB%B2%84%EC%8A%A4%EC%A0%95%EB%A5%98%EC%9E%A5,"https://map.kakao.com/link/roadview/37.78475,127.65051",,,,,,,
51,1500,250001769,가정리종점,Gajeong-ri Terminus,127.57735,37.76332,TAGO·카카오맵,가정3리 방면,가정3리 방면,https://map.kakao.com/link/search/%EA%B0%80%EC%A0%95%EB%A6%AC%EC%A2%85%EC%A0%90%201500%20%EB%B2%84%EC%8A%A4%EC%A0%95%EB%A5%98%EC%9E%A5,"https://map.kakao.com/link/roadview/37.76332,127.57735",,,,,,,
52,1525,250001794,창촌1리,Changchon 1(il)-ri,127.6471,37.78958,TAGO·카카오맵,남산면행복센터 방면,남산면행복센터 방면,https://map.kakao.com/link/search/%EC%B0%BD%EC%B4%8C1%EB%A6%AC%201525%20%EB%B2%84%EC%8A%A4%EC%A0%95%EB%A5%98%EC%9E%A5,"https://map.kakao.com/link/roadview/37.78958,127.6471",,,,,,,
53,1693,250001795,창촌1리,Changchon 1(il)-ri,127.64697,37.78944,TAGO·카카오맵,창촌3거리 방면,창촌3거리 방면,https://map.kakao.com/link/search/%EC%B0%BD%EC%B4%8C1%EB%A6%AC%201693%20%EB%B2%84%EC%8A%A4%EC%A0%95%EB%A5%98%EC%9E%A5,"https://map.kakao.com/link/roadview/37.78944,127.64697",,,,,,,
54,2458,250026731,가정리종점,Gajeong-ri Terminus,127.57751,37.76329,TAGO·카카오맵,가정리종점 방면,가정리종점 방면,https://map.kakao.com/link/search/%EA%B0%80%EC%A0%95%EB%A6%AC%EC%A2%85%EC%A0%90%202458%20%EB%B2%84%EC%8A%A4%EC%A0%95%EB%A5%98%EC%9E%A5,"https://map.kakao.com/link/roadview/37.76329,127.57751",,,,,,,
55,2272,250026537,케이티앤지,KT,127.72745,37.86183,TAGO·카카오맵,남춘천역 방면,남춘천역 / 남춘천역2번출구 방면,https://map.kakao.com/link/search/%EC%BC%80%EC%9D%B4%ED%8B%B0%EC%95%A4%EC%A7%80%202272%20%EB%B2%84%EC%8A%A4%EC%A0%95%EB%A5%98%EC%9E%A5,"https://map.kakao.com/link/roadview/37.86183,127.72745",,,,있음,,,
56,2809,250027094,춘천자원,Chuncheon Resources,127.76397,37.8279,TAGO·카카오맵,사암4리 방면,사암4리 방면,https://map.kakao.com/link/search/%EC%B6%98%EC%B2%9C%EC%9E%90%EC%9B%90%202809%20%EB%B2%84%EC%8A%A4%EC%A0%95%EB%A5%98%EC%9E%A5,"https://map.kakao.com/link/roadview/37.8279,127.76397",,,,,,,
57,2810,250027095,춘천자원,Chuncheon Resources,127.76405,37.82823,TAGO·카카오맵,학곡리 방면,학곡리 방면,https://map.kakao.com/link/search/%EC%B6%98%EC%B2%9C%EC%9E%90%EC%9B%90%202810%20%EB%B2%84%EC%8A%A4%EC%A0%95%EB%A5%98%EC%9E%A5,"https://map.kakao.com/link/roadview/37.82823,127.76405",,,,,,,
58,2094,250002117,소양강댐정상,Top of Soyanggang Dam,127.81268,37.9476,TAGO·카카오맵,소양강댐정상 방면,소양강댐정상 방면,https://map.kakao.com/link/search/%EC%86%8C%EC%96%91%EA%B0%95%EB%8C%90%EC%A0%95%EC%83%81%202094%20%EB%B2%84%EC%8A%A4%EC%A0%95%EB%A5%98%EC%9E%A5,"https://map.kakao.com/link/roadview/37.9476,127.81268",,,,,,,
59,2630,250026905,강원대백록관,Kangwon National University Baekrok Hall,127.74135,37.86861,TAGO·카카오맵,강원대정문 방면,강원대정문 방면,https://map.kakao.com/link/search/%EA%B0%95%EC%9B%90%EB%8C%80%EB%B0%B1%EB%A1%9D%EA%B4%80%202630%20%EB%B2%84%EC%8A%A4%EC%A0%95%EB%A5%98%EC%9E%A5,"https://map.kakao.com/link/roadview/37.86861,127.74135",,,,,,,
60,2631,250026906,강원대백록관,Kangwon National University Baekrok Hall,127.74149,37.86845,TAGO·카카오맵,강원대중앙도서관 방면,강원대중앙도서관 방면,https://map.kakao.com/link/search/%EA%B0%95%EC%9B%90%EB%8C%80%EB%B0%B1%EB%A1%9D%EA%B4%80%202631%20%EB%B2%84%EC%8A%A4%EC%A0%95%EB%A5%98%EC%9E%A5,"https://map.kakao.com/link/roadview/37.86845,127.74149",,,,있음,,,
61,2507,265000700,장학해온채A,Janghak Haeonchae Apartment,127.75381,37.89828,카카오맵,장학17리회관 방면,장학17리회관 / 장학17리입구 방면,https://map.kakao.com/link/search/%EC%9E%A5%ED%95%99%ED%95%B4%EC%98%A8%EC%B1%84A%202507%20%EB%B2%84%EC%8A%A4%EC%A0%95%EB%A5%98%EC%9E%A5,"https://map.kakao.com/link/roadview/37.89828,127.75381",,,,,,,
62,2304,250026568,강촌역,Gangchon Station,127.63372,37.80642,TAGO·카카오맵,강촌리 방면,강촌리 / 강촌1리4반 방면,https://map.kakao.com/link/search/%EA%B0%95%EC%B4%8C%EC%97%AD%202304%20%EB%B2%84%EC%8A%A4%EC%A0%95%EB%A5%98%EC%9E%A5,"https://map.kakao.com/link/roadview/37.80642,127.63372",,,,,,,
63,1313,250001145,지암리,Jiam-ri,127.60217,37.97758,TAGO·카카오맵,지암리 방면,지암리 방면,https://map.kakao.com/link/search/%EC%A7%80%EC%95%94%EB%A6%AC%201313%20%EB%B2%84%EC%8A%A4%EC%A0%95%EB%A5%98%EC%9E%A5,"https://map.kakao.com/link/roadview/37.97758,127.60217",,,,,,,
64,1314,250001146,지암리,Jiam-ri,127.60405,37.97912,TAGO·카카오맵,지암초교 방면,지암초교 방면,https://map.kakao.com/link/search/%EC%A7%80%EC%95%94%EB%A6%AC%201314%20%EB%B2%84%EC%8A%A4%EC%A0%95%EB%A5%98%EC%9E%A5,"https://map.kakao.com/link/roadview/37.97912,127.60405",,,,,,,
65,1315,250001147,지암리,Jiam-ri,127.61637,37.98263,TAGO·카카오맵,지암리 방면,지암리 방면,https://map.kakao.com/link/search/%EC%A7%80%EC%95%94%EB%A6%AC%201315%20%EB%B2%84%EC%8A%A4%EC%A0%95%EB%A5%98%EC%9E%A5,"https://map.kakao.com/link/roadview/37.98263,127.61637",,,,,,,
66,1709,250001811,지암리,Jiam-ri,127.62239,37.97939,TAGO·카카오맵,지암리(3) 방면,지암리(3) 방면,https://map.kakao.com/link/search/%EC%A7%80%EC%95%94%EB%A6%AC%201709%20%EB%B2%84%EC%8A%A4%EC%A0%95%EB%A5%98%EC%9E%A5,"https://map.kakao.com/link/roadview/37.97939,127.62239",,,,,,,
67,1712,250001814,지암리,Jiam-ri,127.62221,37.97931,TAGO·카카오맵,지암리 방면,지암리 방면,https://map.kakao.com/link/search/%EC%A7%80%EC%95%94%EB%A6%AC%201712%20%EB%B2%84%EC%8A%A4%EC%A0%95%EB%A5%98%EC%9E%A5,"https://map.kakao.com/link/roadview/37.97931,127.62221",,,,,,,
68,1715,250001817,지내3리,Jinae 3(sam)-ri,127.73085,37.94818,TAGO·카카오맵,지내리 방면,지내리 방면,https://map.kakao.com/link/search/%EC%A7%80%EB%82%B43%EB%A6%AC%201715%20%EB%B2%84%EC%8A%A4%EC%A0%95%EB%A5%98%EC%9E%A5,"https://map.kakao.com/link/roadview/37.94818,127.73085",,,,,,,
69,1716,250001818,지내3리,Jinae 3(sam)-ri,127.73068,37.94822,TAGO·카카오맵,지내리 방면,지내리 방면,https://map.kakao.com/link/search/%EC%A7%80%EB%82%B43%EB%A6%AC%201716%20%EB%B2%84%EC%8A%A4%EC%A0%95%EB%A5%98%EC%9E%A5,"https://map.kakao.com/link/roadview/37.94822,127.73068",,,,,,,
70,5565,257001455,밤나무골(반곡밤벌유원지/밤나무골),Bamnamugol,127.68835,37.68845,TAGO·카카오맵,밤벌유원지 방면,밤벌유원지 방면,https://map.kakao.com/link/search/%EB%B0%A4%EB%82%98%EB%AC%B4%EA%B3%A8%205565%20%EB%B2%84%EC%8A%A4%EC%A0%95%EB%A5%98%EC%9E%A5,"https://map.kakao.com/link/roadview/37.68845,127.68835",,,,,,,
71,5566,257001456,밤나무골(반곡밤벌유원지/밤나무골),Bamnamugol,127.68816,37.68851,TAGO·카카오맵,용골상회 방면,용골상회 방면,https://map.kakao.com/link/search/%EB%B0%A4%EB%82%98%EB%AC%B4%EA%B3%A8%205566%20%EB%B2%84%EC%8A%A4%EC%A0%95%EB%A5%98%EC%9E%A5,"https://map.kakao.com/link/roadview/37.68851,127.68816",,,,,,,
72,1038,250001229,중부지구대,Jungbu Police Precinct,127.73851,37.87533,카카오맵,춘천청소년수련관 방면,춘천청소년수련관 방면,https://map.kakao.com/link/search/%EC%A4%91%EB%B6%80%EC%A7%80%EA%B5%AC%EB%8C%80%201038%20%EB%B2%84%EC%8A%A4%EC%A0%95%EB%A5%98%EC%9E%A5,"https://map.kakao.com/link/roadview/37.87533,127.73851",,,,,,,
73,2536,250026809,도재활병원삼거리,Gangwon-do Rehabilitation Hospital Samgeori,127.73835,37.90307,TAGO·카카오맵,건강생활지원센터 방면,건강생활지원센터 방면,https://map.kakao.com/link/search/%EB%8F%84%EC%9E%AC%ED%99%9C%EB%B3%91%EC%9B%90%EC%82%BC%EA%B1%B0%EB%A6%AC%202536%20%EB%B2%84%EC%8A%A4%EC%A0%95%EB%A5%98%EC%9E%A5,"https://map.kakao.com/link/roadview/37.90307,127.73835",,,,,,,
74,1201,250001022,눈썰매장입구,Sledding Slope Entrance,127.59894,37.97498,TAGO·카카오맵,지암2교 방면,지암2교 방면,https://map.kakao.com/link/search/%EB%88%88%EC%8D%B0%EB%A7%A4%EC%9E%A5%EC%9E%85%EA%B5%AC%201201%20%EB%B2%84%EC%8A%A4%EC%A0%95%EB%A5%98%EC%9E%A5,"https://map.kakao.com/link/roadview/37.97498,127.59894",,,,,,,
75,1753,250001855,KBS방송국,Korean Broadcasting Station,127.72304,37.86791,TAGO·카카오맵,남부사거리 방면,남부사거리 방면,https://map.kakao.com/link/search/KBS%EB%B0%A9%EC%86%A1%EA%B5%AD%201753%20%EB%B2%84%EC%8A%A4%EC%A0%95%EB%A5%98%EC%9E%A5,"https://map.kakao.com/link/roadview/37.86791,127.72304",,,,있음,,,
76,2212,250002235,보안사거리,Boan Sageori,127.75271,37.87502,TAGO·카카오맵,우미린후문 방면,우미린후문 방면,https://map.kakao.com/link/search/%EB%B3%B4%EC%95%88%EC%82%AC%EA%B1%B0%EB%A6%AC%202212%20%EB%B2%84%EC%8A%A4%EC%A0%95%EB%A5%98%EC%9E%A5,"https://map.kakao.com/link/roadview/37.87502,127.75271",,,,있음,,,
77,1072,250001263,향교,Hyanggyo,127.73523,37.8817,TAGO·카카오맵,한림대학교 방면,한림대학교 방면,https://map.kakao.com/link/search/%ED%96%A5%EA%B5%90%201072%20%EB%B2%84%EC%8A%A4%EC%A0%95%EB%A5%98%EC%9E%A5,"https://map.kakao.com/link/roadview/37.8817,127.73523",,,,,,,
78,1883,250001563,도민일보,Kang Won Domin Ilbo,127.74479,37.89053,TAGO·카카오맵,동산A 방면,동산A 방면,https://map.kakao.com/link/search/%EB%8F%84%EB%AF%BC%EC%9D%BC%EB%B3%B4%201883%20%EB%B2%84%EC%8A%A4%EC%A0%95%EB%A5%98%EC%9E%A5,"https://map.kakao.com/link/roadview/37.89053,127.74479",,,,,,,
79,1884,250001564,도민일보,Kang Won Domin Ilbo,127.74313,37.89017,TAGO·카카오맵,기계공고 방면,기계공고 방면,https://map.kakao.com/link/search/%EB%8F%84%EB%AF%BC%EC%9D%BC%EB%B3%B4%201884%20%EB%B2%84%EC%8A%A4%EC%A0%95%EB%A5%98%EC%9E%A5,"https://map.kakao.com/link/roadview/37.89017,127.74313",,,,,,,
80,1169,250000004,거두리주공A,Geodu-ri Jugong Apartment,127.75863,37.85665,TAGO·카카오맵,거두1리 방면,거두1리 / 거두1리사거리 방면,https://map.kakao.com/link/search/%EA%B1%B0%EB%91%90%EB%A6%AC%EC%A3%BC%EA%B3%B5A%201169%20%EB%B2%84%EC%8A%A4%EC%A0%95%EB%A5%98%EC%9E%A5,"https://map.kakao.com/link/roadview/37.85665,127.75863",,,,있음,,,
81,1406,250001409,청실A,Cheongsil Apartment,127.7584,37.87262,TAGO·카카오맵,석사2지구A 방면,석사2지구A / 롯데마트석사점 방면,https://map.kakao.com/link/search/%EC%B2%AD%EC%8B%A4A%201406%20%EB%B2%84%EC%8A%A4%EC%A0%95%EB%A5%98%EC%9E%A5,"https://map.kakao.com/link/roadview/37.87262,127.7584",,,,있음,,,
82,1609,250001963,우석초교,Wooseok Elementary School,127.75113,37.86465,TAGO·카카오맵,강원대동문앞 방면,강원대동문앞 방면,https://map.kakao.com/link/search/%EC%9A%B0%EC%84%9D%EC%B4%88%EA%B5%90%201609%20%EB%B2%84%EC%8A%A4%EC%A0%95%EB%A5%98%EC%9E%A5,"https://map.kakao.com/link/roadview/37.86465,127.75113",,,,,,,
83,1854,250001534,춘천동원학교,Chuncheon Dongwon School,127.78875,37.93016,TAGO·카카오맵,윗샘밭종점 방면,윗샘밭종점 방면,https://map.kakao.com/link/search/%EC%B6%98%EC%B2%9C%EB%8F%99%EC%9B%90%ED%95%99%EA%B5%90%201854%20%EB%B2%84%EC%8A%A4%EC%A0%95%EB%A5%98%EC%9E%A5,"https://map.kakao.com/link/roadview/37.93016,127.78875",,,,,,,
84,1855,250001535,춘천동원학교,Chuncheon Dongwon School,127.78858,37.93031,TAGO·카카오맵,상천초등학교 방면,상천초등학교 방면,https://map.kakao.com/link/search/%EC%B6%98%EC%B2%9C%EB%8F%99%EC%9B%90%ED%95%99%EA%B5%90%201855%20%EB%B2%84%EC%8A%A4%EC%A0%95%EB%A5%98%EC%9E%A5,"https://map.kakao.com/link/roadview/37.93031,127.78858",,,,있음,,,
85,1787,250001460,발산2리,Balsan 2(i)-ri,127.76123,37.95568,TAGO·카카오맵,발산2리 방면,발산2리 방면,https://map.kakao.com/link/search/%EB%B0%9C%EC%82%B02%EB%A6%AC%201787%20%EB%B2%84%EC%8A%A4%EC%A0%95%EB%A5%98%EC%9E%A5,"https://map.kakao.com/link/roadview/37.95568,127.76123",,,,,,,
86,1788,250001461,발산2리,Balsan 2(i)-ri,127.76296,37.9576,TAGO·카카오맵,발산2리 방면,발산2리 방면,https://map.kakao.com/link/search/%EB%B0%9C%EC%82%B02%EB%A6%AC%201788%20%EB%B2%84%EC%8A%A4%EC%A0%95%EB%A5%98%EC%9E%A5,"https://map.kakao.com/link/roadview/37.9576,127.76296",,,,,,,
87,1789,250001462,발산2리,Balsan 2(i)-ri,127.76575,37.96058,TAGO·카카오맵,발산2리 방면,발산2리 방면,https://map.kakao.com/link/search/%EB%B0%9C%EC%82%B02%EB%A6%AC%201789%20%EB%B2%84%EC%8A%A4%EC%A0%95%EB%A5%98%EC%9E%A5,"https://map.kakao.com/link/roadview/37.96058,127.76575",,,,,,,
88,1790,250001463,발산2리,Balsan 2(i)-ri,127.76568,37.96049,TAGO·카카오맵,발산리종점 방면,발산리종점 방면,https://map.kakao.com/link/search/%EB%B0%9C%EC%82%B02%EB%A6%AC%201790%20%EB%B2%84%EC%8A%A4%EC%A0%95%EB%A5%98%EC%9E%A5,"https://map.kakao.com/link/roadview/37.96049,127.76568",,,,,,,
89,1791,250001464,발산2리,Balsan 2(i)-ri,127.7623,37.96167,TAGO·카카오맵,발산1리1반 방면,발산1리 방면,https://map.kakao.com/link/search/%EB%B0%9C%EC%82%B02%EB%A6%AC%201791%20%EB%B2%84%EC%8A%A4%EC%A0%95%EB%A5%98%EC%9E%A5,"https://map.kakao.com/link/roadview/37.96167,127.7623",,,,,,,
90,1792,250001465,발산2리,Balsan 2(i)-ri,127.63277,37.73968,TAGO·카카오맵,발산2리(치안센터) 방면,발산2리(치안센터) 방면,https://map.kakao.com/link/search/%EB%B0%9C%EC%82%B02%EB%A6%AC%201792%20%EB%B2%84%EC%8A%A4%EC%A0%95%EB%A5%98%EC%9E%A5,"https://map.kakao.com/link/roadview/37.73968,127.63277",,,,,,,
91,1793,250001466,발산2리,Balsan 2(i)-ri,127.63291,37.7396,TAGO·카카오맵,후동2리입구 방면,후동2리입구 방면,https://map.kakao.com/link/search/%EB%B0%9C%EC%82%B02%EB%A6%AC%201793%20%EB%B2%84%EC%8A%A4%EC%A0%95%EB%A5%98%EC%9E%A5,"https://map.kakao.com/link/roadview/37.7396,127.63291",,,,,,,
92,2599,250026874,발산2리,Balsan 2(i)-ri,127.76235,37.96157,TAGO·카카오맵,발산2리 방면,발산2리 방면,https://map.kakao.com/link/search/%EB%B0%9C%EC%82%B02%EB%A6%AC%202599%20%EB%B2%84%EC%8A%A4%EC%A0%95%EB%A5%98%EC%9E%A5,"https://map.kakao.com/link/roadview/37.96157,127.76235",,,,,,,
93,2600,250026875,발산2리,Balsan 2(i)-ri,127.76284,37.95766,TAGO·카카오맵,발산2리 방면,발산2리 방면,https://map.kakao.com/link/search/%EB%B0%9C%EC%82%B02%EB%A6%AC%202600%20%EB%B2%84%EC%8A%A4%EC%A0%95%EB%A5%98%EC%9E%A5,"https://map.kakao.com/link/roadview/37.95766,127.76284",,,,,,,
94,2601,250026876,발산2리,Balsan 2(i)-ri,127.76111,37.95571,TAGO·카카오맵,오동초등학교앞 방면,오동초등학교앞 방면,https://map.kakao.com/link/search/%EB%B0%9C%EC%82%B02%EB%A6%AC%202601%20%EB%B2%84%EC%8A%A4%EC%A0%95%EB%A5%98%EC%9E%A5,"https://map.kakao.com/link/roadview/37.95571,127.76111",,,,,,,
95,2605,250026880,윗샘밭종점,Witsaembat Terminus,127.7914,37.93158,TAGO·카카오맵,소양강댐사택 방면,소양강댐사택 / 윗샘밭종점 방면,https://map.kakao.com/link/search/%EC%9C%97%EC%83%98%EB%B0%AD%EC%A2%85%EC%A0%90%202605%20%EB%B2%84%EC%8A%A4%EC%A0%95%EB%A5%98%EC%9E%A5,"https://map.kakao.com/link/roadview/37.93158,127.7914",,,,,,,
96,1632,250001987,모아엘가A,Korea National Open University Entrance,127.72193,37.87293,TAGO·카카오맵,춘천초등학교 방면,춘천초등학교 / 춘천중학교정문 방면,https://map.kakao.com/link/search/%EB%AA%A8%EC%95%84%EC%97%98%EA%B0%80A%201632%20%EB%B2%84%EC%8A%A4%EC%A0%95%EB%A5%98%EC%9E%A5,"https://map.kakao.com/link/roadview/37.87293,127.72193",,,,있음,,,
97,2856,265000670,파크자이A,Park Xi Apartment,127.70852,37.86746,TAGO·카카오맵,파크푸르지오A 방면,파크푸르지오A / 온의보배 방면,https://map.kakao.com/link/search/%ED%8C%8C%ED%81%AC%EC%9E%90%EC%9D%B4A%202856%20%EB%B2%84%EC%8A%A4%EC%A0%95%EB%A5%98%EC%9E%A5,"https://map.kakao.com/link/roadview/37.86746,127.70852",,,,있음,,,
98,2857,265000671,파크자이A,Park Xi Apartment,127.70783,37.86806,TAGO·카카오맵,하사관주택 방면,삼천동사거리 / 하사관주택 방면,https://map.kakao.com/link/search/%ED%8C%8C%ED%81%AC%EC%9E%90%EC%9D%B4A%202857%20%EB%B2%84%EC%8A%A4%EC%A0%95%EB%A5%98%EC%9E%A5,"https://map.kakao.com/link/roadview/37.86806,127.70783",,,,,,,
99,2617,250026892,천년나무A,Cheonnyeonnamu Apartment,127.73747,37.91277,TAGO·카카오맵,충렬탑입구 방면,충렬탑입구 방면,https://map.kakao.com/link/search/%EC%B2%9C%EB%85%84%EB%82%98%EB%AC%B4A%202617%20%EB%B2%84%EC%8A%A4%EC%A0%95%EB%A5%98%EC%9E%A5,"https://map.kakao.com/link/roadview/37.91277,127.73747",,,,있음,,,
100,2618,250026893,천년나무A,Cheonnyeonnamu Apartment,127.73764,37.91296,TAGO·카카오맵,신동초교 방면,신동초교 / 뉴시티코아루A 방면,https://map.kakao.com/link/search/%EC%B2%9C%EB%85%84%EB%82%98%EB%AC%B4A%202618%20%EB%B2%84%EC%8A%A4%EC%A0%95%EB%A5%98%EC%9E%A5,"https://map.kakao.com/link/roadview/37.91296,127.73764",,,,있음,,,
101,1384,250001386,교육대학교,Chuncheon National University of Education,127.7471,37.85718,TAGO·카카오맵,여성가족연구원 방면,여성가족연구원 / 거두리부영A 방면,https://map.kakao.com/link/search/%EA%B5%90%EC%9C%A1%EB%8C%80%ED%95%99%EA%B5%90%201384%20%EB%B2%84%EC%8A%A4%EC%A0%95%EB%A5%98%EC%9E%A5,"https://map.kakao.com/link/roadview/37.85718,127.7471",,,,,,,
102,2495,250026768,e편한세상,ePyeonhansesang Apartment,127.7266,37.8841,TAGO·카카오맵,춘천농협 방면,춘천농협 방면,https://map.kakao.com/link/search/e%ED%8E%B8%ED%95%9C%EC%84%B8%EC%83%81%202495%20%EB%B2%84%EC%8A%A4%EC%A0%95%EB%A5%98%EC%9E%A5,"https://map.kakao.com/link/roadview/37.8841,127.7266",,,,있음,,,
103,2642,250026917,강원고앞,Gangwon High School Front,127.75523,37.89519,TAGO·카카오맵,상공회의소 방면,상공회의소 / 장학해온채A 방면,https://map.kakao.com/link/search/%EA%B0%95%EC%9B%90%EA%B3%A0%EC%95%9E%202642%20%EB%B2%84%EC%8A%A4%EC%A0%95%EB%A5%98%EC%9E%A5,"https://map.kakao.com/link/roadview/37.89519,127.75523",,,,,,,
104,1248,250001071,가정진료소,Gajeong Community Health Center,127.57581,37.73456,TAGO·카카오맵,가정1리 방면,가정1리 방면,https://map.kakao.com/link/search/%EA%B0%80%EC%A0%95%EC%A7%84%EB%A3%8C%EC%86%8C%201248%20%EB%B2%84%EC%8A%A4%EC%A0%95%EB%A5%98%EC%9E%A5,"https://map.kakao.com/link/roadview/37.73456,127.57581",,,,,,,
105,1616,250001970,한강수력본부,Hangang Hydro Power Site,127.67899,37.96255,TAGO·카카오맵,고탄입구 방면,고탄입구 방면,https://map.kakao.com/link/search/%ED%95%9C%EA%B0%95%EC%88%98%EB%A0%A5%EB%B3%B8%EB%B6%80%201616%20%EB%B2%84%EC%8A%A4%EC%A0%95%EB%A5%98%EC%9E%A5,"https://map.kakao.com/link/roadview/37.96255,127.67899",,,,,,,
106,1639,250001994,오탄1리,Otan 1(il)-ri,127.62759,38.0412,TAGO·카카오맵,오탄1리 방면,오탄1리 방면,https://map.kakao.com/link/search/%EC%98%A4%ED%83%841%EB%A6%AC%201639%20%EB%B2%84%EC%8A%A4%EC%A0%95%EB%A5%98%EC%9E%A5,"https://map.kakao.com/link/roadview/38.0412,127.62759",,,,,,,
107,1640,250001995,오탄1리,Otan 1(il)-ri,127.62723,38.04115,TAGO·카카오맵,지촌2리 방면,지촌2리 방면,https://map.kakao.com/link/search/%EC%98%A4%ED%83%841%EB%A6%AC%201640%20%EB%B2%84%EC%8A%A4%EC%A0%95%EB%A5%98%EC%9E%A5,"https://map.kakao.com/link/roadview/38.04115,127.62723",,,,,,,
108,1644,250001999,오탄1리,Otan 1(il)-ri,127.62181,38.04292,TAGO·카카오맵,오탄리 방면,오탄리 방면,https://map.kakao.com/link/search/%EC%98%A4%ED%83%841%EB%A6%AC%201644%20%EB%B2%84%EC%8A%A4%EC%A0%95%EB%A5%98%EC%9E%A5,"https://map.kakao.com/link/roadview/38.04292,127.62181",,,,,,,
109,2325,250026596,간척사거리,Gancheok Sageori,127.81727,38.02793,TAGO·카카오맵,백치고개정상 방면,백치고개정상 방면,https://map.kakao.com/link/search/%EA%B0%84%EC%B2%99%EC%82%AC%EA%B1%B0%EB%A6%AC%202325%20%EB%B2%84%EC%8A%A4%EC%A0%95%EB%A5%98%EC%9E%A5,"https://map.kakao.com/link/roadview/38.02793,127.81727",,,,,,,
110,2863,263001765,간척사거리,Gancheok Sageori,127.81727,38.02902,TAGO·카카오맵,추곡터널 방면,추곡터널 방면,https://map.kakao.com/link/search/%EA%B0%84%EC%B2%99%EC%82%AC%EA%B1%B0%EB%A6%AC%202863%20%EB%B2%84%EC%8A%A4%EC%A0%95%EB%A5%98%EC%9E%A5,"https://map.kakao.com/link/roadview/38.02902,127.81727",,,,,,,
111,2864,263001766,간척사거리,Gancheok Sageori,127.81599,38.02854,TAGO·카카오맵,배후령터널 방면,장본교 / 장본교앞사거리 방면,https://map.kakao.com/link/search/%EA%B0%84%EC%B2%99%EC%82%AC%EA%B1%B0%EB%A6%AC%202864%20%EB%B2%84%EC%8A%A4%EC%A0%95%EB%A5%98%EC%9E%A5,"https://map.kakao.com/link/roadview/38.02854,127.81599",,,,,,,
112,1170,250000005,강원지방경찰청(강원경찰청),Gangwon Provincial Police Agency,127.75868,37.86253,TAGO·카카오맵,그랜드A 방면,그랜드A 방면,https://map.kakao.com/link/search/%EA%B0%95%EC%9B%90%EC%A7%80%EB%B0%A9%EA%B2%BD%EC%B0%B0%EC%B2%AD%201170%20%EB%B2%84%EC%8A%A4%EC%A0%95%EB%A5%98%EC%9E%A5,"https://map.kakao.com/link/roadview/37.86253,127.75868",,,,,,,
113,1171,250000006,강원지방경찰청(강원경찰청),Gangwon Provincial Police Agency,127.75841,37.86246,TAGO·카카오맵,거두1리 방면,거두1리 방면,https://map.kakao.com/link/search/%EA%B0%95%EC%9B%90%EC%A7%80%EB%B0%A9%EA%B2%BD%EC%B0%B0%EC%B2%AD%201171%20%EB%B2%84%EC%8A%A4%EC%A0%95%EB%A5%98%EC%9E%A5,"https://map.kakao.com/link/roadview/37.86246,127.75841",,,,,,,
114,1094,265000721,중앙시장입구,Jungang Market Entrance,127.72459,37.87816,TAGO·카카오맵,종점 방면,중앙시장입구 방면,https://map.kakao.com/link/search/%EC%A4%91%EC%95%99%EC%8B%9C%EC%9E%A5%EC%9E%85%EA%B5%AC%201094%20%EB%B2%84%EC%8A%A4%EC%A0%95%EB%A5%98%EC%9E%A5,"https://map.kakao.com/link/roadview/37.87816,127.72459",,,,,,,
115,1095,250027098,중앙시장입구,Jungang Market Entrance,127.72437,37.87807,TAGO·카카오맵,중앙로입구 방면,중앙로입구 방면,https://map.kakao.com/link/search/%EC%A4%91%EC%95%99%EC%8B%9C%EC%9E%A5%EC%9E%85%EA%B5%AC%201095%20%EB%B2%84%EC%8A%A4%EC%A0%95%EB%A5%98%EC%9E%A5,"https://map.kakao.com/link/roadview/37.87807,127.72437",,,,,,,
116,2830,250027123,안보2리3반,Anbo 2(i)-ri 3(sam)-ban,127.57897,37.85332,TAGO·카카오맵,무림정사입구 방면,무림정사입구 방면,https://map.kakao.com/link/search/%EC%95%88%EB%B3%B42%EB%A6%AC3%EB%B0%98%202830%20%EB%B2%84%EC%8A%A4%EC%A0%95%EB%A5%98%EC%9E%A5,"https://map.kakao.com/link/roadview/37.85332,127.57897",,,,,,,
117,2831,250027124,안보2리3반,Anbo 2(i)-ri 3(sam)-ban,127.57885,37.8533,TAGO·카카오맵,안보2리종점 방면,안보2리종점 방면,https://map.kakao.com/link/search/%EC%95%88%EB%B3%B42%EB%A6%AC3%EB%B0%98%202831%20%EB%B2%84%EC%8A%A4%EC%A0%95%EB%A5%98%EC%9E%A5,"https://map.kakao.com/link/roadview/37.8533,127.57885",,,,,,,
118,1850,250001529,등선폭포,Deungseon Falls,127.66073,37.82477,TAGO·카카오맵,덕두원3리 방면,덕두원3리 방면,https://map.kakao.com/link/search/%EB%93%B1%EC%84%A0%ED%8F%AD%ED%8F%AC%201850%20%EB%B2%84%EC%8A%A4%EC%A0%95%EB%A5%98%EC%9E%A5,"https://map.kakao.com/link/roadview/37.82477,127.66073",,,,있음,,,
119,1851,250001530,등선폭포,Deungseon Falls,127.66041,37.82496,TAGO·카카오맵,강촌유원지 방면,강촌유원지 / 강촌입구 방면,https://map.kakao.com/link/search/%EB%93%B1%EC%84%A0%ED%8F%AD%ED%8F%AC%201851%20%EB%B2%84%EC%8A%A4%EC%A0%95%EB%A5%98%EC%9E%A5,"https://map.kakao.com/link/roadview/37.82496,127.66041",,,,있음,,,
120,2512,250026785,오월2리,Owol 2(i)-ri,127.62715,37.96821,TAGO·카카오맵,오월리종점 방면,오월리종점 방면,https://map.kakao.com/link/search/%EC%98%A4%EC%9B%942%EB%A6%AC%202512%20%EB%B2%84%EC%8A%A4%EC%A0%95%EB%A5%98%EC%9E%A5,"https://map.kakao.com/link/roadview/37.96821,127.62715",,,,,,,
121,2513,250026786,오월2리,Owol 2(i)-ri,127.62918,37.96965,TAGO·카카오맵,오월2리 방면,오월2리 방면,https://map.kakao.com/link/search/%EC%98%A4%EC%9B%942%EB%A6%AC%202513%20%EB%B2%84%EC%8A%A4%EC%A0%95%EB%A5%98%EC%9E%A5,"https://map.kakao.com/link/roadview/37.96965,127.62918",,,,,,,
122,2514,250026787,오월2리,Owol 2(i)-ri,127.63558,37.97158,TAGO·카카오맵,오월2리 방면,오월2리 방면,https://map.kakao.com/link/search/%EC%98%A4%EC%9B%942%EB%A6%AC%202514%20%EB%B2%84%EC%8A%A4%EC%A0%95%EB%A5%98%EC%9E%A5,"https://map.kakao.com/link/roadview/37.97158,127.63558",,,,,,,
123,2516,250026789,오월2리,Owol 2(i)-ri,127.6417,37.97519,TAGO·카카오맵,오월리납실교 방면,오월리납실교 방면,https://map.kakao.com/link/search/%EC%98%A4%EC%9B%942%EB%A6%AC%202516%20%EB%B2%84%EC%8A%A4%EC%A0%95%EB%A5%98%EC%9E%A5,"https://map.kakao.com/link/roadview/37.97519,127.6417",,,,,,,
124,2770,250027046,오월2리,Owol 2(i)-ri,127.64154,37.97515,TAGO·카카오맵,강원숲체험장입구 방면,강원숲체험장입구 방면,https://map.kakao.com/link/search/%EC%98%A4%EC%9B%942%EB%A6%AC%202770%20%EB%B2%84%EC%8A%A4%EC%A0%95%EB%A5%98%EC%9E%A5,"https://map.kakao.com/link/roadview/37.97515,127.64154",,,,,,,
125,2772,250027048,오월2리,Owol 2(i)-ri,127.62915,37.96975,TAGO·카카오맵,오월2리 방면,오월2리 방면,https://map.kakao.com/link/search/%EC%98%A4%EC%9B%942%EB%A6%AC%202772%20%EB%B2%84%EC%8A%A4%EC%A0%95%EB%A5%98%EC%9E%A5,"https://map.kakao.com/link/roadview/37.96975,127.62915",,,,,,,
126,2773,250027049,오월2리,Owol 2(i)-ri,127.62729,37.96817,TAGO·카카오맵,오월2리 방면,오월2리 방면,https://map.kakao.com/link/search/%EC%98%A4%EC%9B%942%EB%A6%AC%202773%20%EB%B2%84%EC%8A%A4%EC%A0%95%EB%A5%98%EC%9E%A5,"https://map.kakao.com/link/roadview/37.96817,127.62729",,,,,,,
127,2774,250027050,오월2리,Owol 2(i)-ri,127.63562,37.97148,TAGO·카카오맵,강원숲체험장입구 방면,강원숲체험장입구 방면,https://map.kakao.com/link/search/%EC%98%A4%EC%9B%942%EB%A6%AC%202774%20%EB%B2%84%EC%8A%A4%EC%A0%95%EB%A5%98%EC%9E%A5,"https://map.kakao.com/link/roadview/37.97148,127.63562",,,,,,,
128,5571,257001479,반곡,Bangok,127.66785,37.69461,TAGO,,반곡초교 방면,https://map.kakao.com/link/search/%EB%B0%98%EA%B3%A1%205571%20%EB%B2%84%EC%8A%A4%EC%A0%95%EB%A5%98%EC%9E%A5,"https://map.kakao.com/link/roadview/37.69461,127.66785",,,,,,,
129,5572,257001480,반곡,Bangok,127.66711,37.69372,TAGO,,반곡교 방면,https://map.kakao.com/link/search/%EB%B0%98%EA%B3%A1%205572%20%EB%B2%84%EC%8A%A4%EC%A0%95%EB%A5%98%EC%9E%A5,"https://map.kakao.com/link/roadview/37.69372,127.66711",,,,,,,
130,1772,250001874,정부합동청사,Government Complex,127.74964,37.88843,TAGO·카카오맵,기계공고 방면,기계공고 / 도민일보 방면,https://map.kakao.com/link/search/%EC%A0%95%EB%B6%80%ED%95%A9%EB%8F%99%EC%B2%AD%EC%82%AC%201772%20%EB%B2%84%EC%8A%A4%EC%A0%95%EB%A5%98%EC%9E%A5,"https://map.kakao.com/link/roadview/37.88843,127.74964",,,,,,,
131,2000,250026588,중앙하이츠2차,Joongang Heights 2(i)-cha Apartment,127.73563,37.85698,TAGO·카카오맵,중앙하이츠1차 방면,중앙하이츠1차 / 무릉공원 방면,https://map.kakao.com/link/search/%EC%A4%91%EC%95%99%ED%95%98%EC%9D%B4%EC%B8%A02%EC%B0%A8%202000%20%EB%B2%84%EC%8A%A4%EC%A0%95%EB%A5%98%EC%9E%A5,"https://map.kakao.com/link/roadview/37.85698,127.73563",,,,있음,,,
132,1974,250001655,구곡폭포종점,Gugokpokpo Terminus,127.6165,37.79745,TAGO·카카오맵,구곡폭포종점 방면,구곡폭포종점 방면,https://map.kakao.com/link/search/%EA%B5%AC%EA%B3%A1%ED%8F%AD%ED%8F%AC%EC%A2%85%EC%A0%90%201974%20%EB%B2%84%EC%8A%A4%EC%A0%95%EB%A5%98%EC%9E%A5,"https://map.kakao.com/link/roadview/37.79745,127.6165",,,,,,,
133,2842,265000867,안마산로입구,Anmasan-ro Entrance,127.71848,37.85875,TAGO·카카오맵,남춘천여중 방면,남춘천여중 방면,https://map.kakao.com/link/search/%EC%95%88%EB%A7%88%EC%82%B0%EB%A1%9C%EC%9E%85%EA%B5%AC%202842%20%EB%B2%84%EC%8A%A4%EC%A0%95%EB%A5%98%EC%9E%A5,"https://map.kakao.com/link/roadview/37.85875,127.71848",,,,,,,
134,1008,250001199,폴리텍2캠퍼스,Korea Polytechnics 2nd Campus,127.73956,37.91212,TAGO·카카오맵,충렬탑입구 방면,충렬탑입구 방면,https://map.kakao.com/link/search/%ED%8F%B4%EB%A6%AC%ED%85%8D2%EC%BA%A0%ED%8D%BC%EC%8A%A4%201008%20%EB%B2%84%EC%8A%A4%EC%A0%95%EB%A5%98%EC%9E%A5,"https://map.kakao.com/link/roadview/37.91212,127.73956",,,,,,,
135,2243,250026527,성심경로당,Seongsim Senior Center,127.73981,37.88122,TAGO·카카오맵,봉의중학교 방면,봉의중학교 방면,https://map.kakao.com/link/search/%EC%84%B1%EC%8B%AC%EA%B2%BD%EB%A1%9C%EB%8B%B9%202243%20%EB%B2%84%EC%8A%A4%EC%A0%95%EB%A5%98%EC%9E%A5,"https://map.kakao.com/link/roadview/37.88122,127.73981",,,,,,,
136,2251,250026517,성심경로당,Seongsim Senior Center,127.74002,37.88121,TAGO·카카오맵,동보빌리지 방면,동보빌리지 / 한림대학교 방면,https://map.kakao.com/link/search/%EC%84%B1%EC%8B%AC%EA%B2%BD%EB%A1%9C%EB%8B%B9%202251%20%EB%B2%84%EC%8A%A4%EC%A0%95%EB%A5%98%EC%9E%A5,"https://map.kakao.com/link/roadview/37.88121,127.74002",,,,있음,,,
137,2286,250026550,소양강처녀상,Soyanggang Maiden statue,127.72589,37.89369,TAGO·카카오맵,당간지주입구 방면,당간지주입구 / 참전유공자기념탑 방면,https://map.kakao.com/link/search/%EC%86%8C%EC%96%91%EA%B0%95%EC%B2%98%EB%85%80%EC%83%81%202286%20%EB%B2%84%EC%8A%A4%EC%A0%95%EB%A5%98%EC%9E%A5,"https://map.kakao.com/link/roadview/37.89369,127.72589",,,,미확인,,,"BIT 원본은 동일 번호 2286을 호반환승센터로 표기하나, 현행 TAGO·카카오맵은 소양강처녀상으로 일치하고 좌표도 약 81m 차이여서 BIT 설치 여부 현장확인 필요"
138,2331,250026599,석사교사거리,Seoksagyo Sageori,127.7397,37.85738,TAGO·카카오맵,퇴계주공1차 방면,퇴계주공1차 방면,https://map.kakao.com/link/search/%EC%84%9D%EC%82%AC%EA%B5%90%EC%82%AC%EA%B1%B0%EB%A6%AC%202331%20%EB%B2%84%EC%8A%A4%EC%A0%95%EB%A5%98%EC%9E%A5,"https://map.kakao.com/link/roadview/37.85738,127.7397",,,,,,,
139,1097,250001288,무릉공원,Mureung Park,127.73933,37.85609,TAGO·카카오맵,석사동행복센터 방면,석사동행복센터 방면,https://map.kakao.com/link/search/%EB%AC%B4%EB%A6%89%EA%B3%B5%EC%9B%90%201097%20%EB%B2%84%EC%8A%A4%EC%A0%95%EB%A5%98%EC%9E%A5,"https://map.kakao.com/link/roadview/37.85609,127.73933",,,,,,,
140,1336,265000697,삼천동사거리,Samcheon-dong Sageori,127.70365,37.87,TAGO·카카오맵,파크자이A 방면,삼천동사거리 / 파크자이A 방면,https://map.kakao.com/link/search/%EC%82%BC%EC%B2%9C%EB%8F%99%EC%82%AC%EA%B1%B0%EB%A6%AC%201336%20%EB%B2%84%EC%8A%A4%EC%A0%95%EB%A5%98%EC%9E%A5,"https://map.kakao.com/link/roadview/37.87,127.70365",,,,,,,
141,1358,265000723,삼천동사거리,Samcheon-dong Sageori,127.70345,37.87055,TAGO·카카오맵,상상마당입구 방면,상상마당입구 방면,https://map.kakao.com/link/search/%EC%82%BC%EC%B2%9C%EB%8F%99%EC%82%AC%EA%B1%B0%EB%A6%AC%201358%20%EB%B2%84%EC%8A%A4%EC%A0%95%EB%A5%98%EC%9E%A5,"https://map.kakao.com/link/roadview/37.87055,127.70345",,,,,,,
142,2167,250002190,삼천동사거리,Samcheon-dong Sageori,127.70743,37.86983,TAGO·카카오맵,파크자이A 방면,삼천동사거리 / 파크자이A 방면,https://map.kakao.com/link/search/%EC%82%BC%EC%B2%9C%EB%8F%99%EC%82%AC%EA%B1%B0%EB%A6%AC%202167%20%EB%B2%84%EC%8A%A4%EC%A0%95%EB%A5%98%EC%9E%A5,"https://map.kakao.com/link/roadview/37.86983,127.70743",,,,있음,,,
143,2124,250002147,석사교회,Seoksa Methodist Church,127.7446,37.85989,TAGO·카카오맵,교육대학교 방면,교육대학교 방면,https://map.kakao.com/link/search/%EC%84%9D%EC%82%AC%EA%B5%90%ED%9A%8C%202124%20%EB%B2%84%EC%8A%A4%EC%A0%95%EB%A5%98%EC%9E%A5,"https://map.kakao.com/link/roadview/37.85989,127.7446",,,,있음,,,
144,2150,265000796,모아엘가비스타,MOA-Elgaa Vista,127.75686,37.84188,TAGO·카카오맵,모아엘가그랑데 방면,모아엘가그랑데 방면,https://map.kakao.com/link/search/%EB%AA%A8%EC%95%84%EC%97%98%EA%B0%80%EB%B9%84%EC%8A%A4%ED%83%80%202150%20%EB%B2%84%EC%8A%A4%EC%A0%95%EB%A5%98%EC%9E%A5,"https://map.kakao.com/link/roadview/37.84188,127.75686",,,,있음,,,
145,2252,265000797,모아엘가비스타,MOA-Elgaa Vista,127.75712,37.84188,TAGO·카카오맵,학곡지구입구 방면,학곡지구입구 / 현진에버빌1차 방면,https://map.kakao.com/link/search/%EB%AA%A8%EC%95%84%EC%97%98%EA%B0%80%EB%B9%84%EC%8A%A4%ED%83%80%202252%20%EB%B2%84%EC%8A%A4%EC%A0%95%EB%A5%98%EC%9E%A5,"https://map.kakao.com/link/roadview/37.84188,127.75712",,,,있음,,,
146,1061,250001252,현암리,Hyeonam-ri,127.6836,37.88497,TAGO,,현암리 방면,https://map.kakao.com/link/search/%ED%98%84%EC%95%94%EB%A6%AC%201061%20%EB%B2%84%EC%8A%A4%EC%A0%95%EB%A5%98%EC%9E%A5,"https://map.kakao.com/link/roadview/37.88497,127.6836",,,,,,,
147,1062,250001253,현암리,Hyeonam-ri,127.67753,37.8768,TAGO,,신연강 방면,https://map.kakao.com/link/search/%ED%98%84%EC%95%94%EB%A6%AC%201062%20%EB%B2%84%EC%8A%A4%EC%A0%95%EB%A5%98%EC%9E%A5,"https://map.kakao.com/link/roadview/37.8768,127.67753",,,,,,,
148,1063,250001254,현암리,Hyeonam-ri,127.67772,37.87684,TAGO,,현암리 방면,https://map.kakao.com/link/search/%ED%98%84%EC%95%94%EB%A6%AC%201063%20%EB%B2%84%EC%8A%A4%EC%A0%95%EB%A5%98%EC%9E%A5,"https://map.kakao.com/link/roadview/37.87684,127.67772",,,,,,,
149,1031,250001222,소주고개,Soju Pass,127.62688,37.76028,TAGO·카카오맵,창촌3리(양단이) 방면,창촌3리(양단이) 방면,https://map.kakao.com/link/search/%EC%86%8C%EC%A3%BC%EA%B3%A0%EA%B0%9C%201031%20%EB%B2%84%EC%8A%A4%EC%A0%95%EB%A5%98%EC%9E%A5,"https://map.kakao.com/link/roadview/37.76028,127.62688",,,,,,,
150,1053,250001244,혈동2리마을회관,Hyeoldong 2(i)-ri Village Hall,127.68514,37.78797,TAGO·카카오맵,혈동2리종점 방면,혈동2리종점 방면,https://map.kakao.com/link/search/%ED%98%88%EB%8F%992%EB%A6%AC%EB%A7%88%EC%9D%84%ED%9A%8C%EA%B4%80%201053%20%EB%B2%84%EC%8A%A4%EC%A0%95%EB%A5%98%EC%9E%A5,"https://map.kakao.com/link/roadview/37.78797,127.68514",,,,,,,
151,1054,250001245,혈동2리마을회관,Hyeoldong 2(i)-ri Village Hall,127.68526,37.78795,TAGO·카카오맵,혈동2리 방면,혈동2리 방면,https://map.kakao.com/link/search/%ED%98%88%EB%8F%992%EB%A6%AC%EB%A7%88%EC%9D%84%ED%9A%8C%EA%B4%80%201054%20%EB%B2%84%EC%8A%A4%EC%A0%95%EB%A5%98%EC%9E%A5,"https://map.kakao.com/link/roadview/37.78795,127.68526",,,,,,,
152,1140,250001333,태봉,Taebong,127.68525,37.88758,TAGO,,현암리 방면,https://map.kakao.com/link/search/%ED%83%9C%EB%B4%89%201140%20%EB%B2%84%EC%8A%A4%EC%A0%95%EB%A5%98%EC%9E%A5,"https://map.kakao.com/link/roadview/37.88758,127.68525",,,,,,,
153,1188,250001004,당림삼거리,Dangnim Samgeori,127.61,37.84118,TAGO·카카오맵,새말교 방면,새말교 방면,https://map.kakao.com/link/search/%EB%8B%B9%EB%A6%BC%EC%82%BC%EA%B1%B0%EB%A6%AC%201188%20%EB%B2%84%EC%8A%A4%EC%A0%95%EB%A5%98%EC%9E%A5,"https://map.kakao.com/link/roadview/37.84118,127.61",,,,,,,
154,1194,250001015,조양1리,Joyang 1(il)-ri,127.81157,37.75621,TAGO·카카오맵,동산면행복센터 방면,동산면행복센터 방면,https://map.kakao.com/link/search/%EC%A1%B0%EC%96%911%EB%A6%AC%201194%20%EB%B2%84%EC%8A%A4%EC%A0%95%EB%A5%98%EC%9E%A5,"https://map.kakao.com/link/roadview/37.75621,127.81157",,,,,,,
155,1195,250001016,부사원고개,Busawon Pass,127.82282,37.75151,TAGO·카카오맵,조양1리 방면,조양1리 방면,https://map.kakao.com/link/search/%EB%B6%80%EC%82%AC%EC%9B%90%EA%B3%A0%EA%B0%9C%201195%20%EB%B2%84%EC%8A%A4%EC%A0%95%EB%A5%98%EC%9E%A5,"https://map.kakao.com/link/roadview/37.75151,127.82282",,,,,,,
156,1203,250001024,지암리(4),Jiam-ri (4),127.60395,37.97923,TAGO·카카오맵,지암리(물레방아민박) 방면,지암리(물레방아민박) 방면,https://map.kakao.com/link/search/%EC%A7%80%EC%95%94%EB%A6%AC(4)%201203%20%EB%B2%84%EC%8A%A4%EC%A0%95%EB%A5%98%EC%9E%A5,"https://map.kakao.com/link/roadview/37.97923,127.60395",,,,,,,
157,1204,250001025,지암리(3),Jiam-ri (3),127.61624,37.98281,TAGO·카카오맵,지암산천마을 방면,지암산천마을 방면,https://map.kakao.com/link/search/%EC%A7%80%EC%95%94%EB%A6%AC(3)%201204%20%EB%B2%84%EC%8A%A4%EC%A0%95%EB%A5%98%EC%9E%A5,"https://map.kakao.com/link/roadview/37.98281,127.61624",,,,,,,
158,1209,250001030,고성2리용화산,Goseong 2(i)-ri Yonghwasan,127.73535,37.99468,TAGO·카카오맵,고성2리 방면,고성2리 방면,https://map.kakao.com/link/search/%EA%B3%A0%EC%84%B12%EB%A6%AC%EC%9A%A9%ED%99%94%EC%82%B0%201209%20%EB%B2%84%EC%8A%A4%EC%A0%95%EB%A5%98%EC%9E%A5,"https://map.kakao.com/link/roadview/37.99468,127.73535",,,,,,,
159,1211,250001032,고성2리1반,Goseong 2(i)-ri 1(il)-ban,127.73044,37.99235,카카오맵,고성2리(초설) 방면,고성2리(초설) 방면,https://map.kakao.com/link/search/%EA%B3%A0%EC%84%B12%EB%A6%AC1%EB%B0%98%201211%20%EB%B2%84%EC%8A%A4%EC%A0%95%EB%A5%98%EC%9E%A5,"https://map.kakao.com/link/roadview/37.99235,127.73044",,,,,,,
160,1215,250001036,송암리(인삼밭),Songam-ri (Ginseng Field),127.68982,38.00113,TAGO·카카오맵,송암리마을회관 방면,송암리마을회관 방면,https://map.kakao.com/link/search/%EC%86%A1%EC%95%94%EB%A6%AC(%EC%9D%B8%EC%82%BC%EB%B0%AD)%201215%20%EB%B2%84%EC%8A%A4%EC%A0%95%EB%A5%98%EC%9E%A5,"https://map.kakao.com/link/roadview/38.00113,127.68982",,,,,,,
161,1216,250001037,솔바우농원,Solbau Farm,127.68335,37.99578,TAGO·카카오맵,송암리 방면,송암리 방면,https://map.kakao.com/link/search/%EC%86%94%EB%B0%94%EC%9A%B0%EB%86%8D%EC%9B%90%201216%20%EB%B2%84%EC%8A%A4%EC%A0%95%EB%A5%98%EC%9E%A5,"https://map.kakao.com/link/roadview/37.99578,127.68335",,,,,,,
162,1220,250001041,솔바우농원,Solbau Farm,127.68348,37.99585,카카오맵,송암리(밤나무) 방면,송암리(밤나무) 방면,https://map.kakao.com/link/search/%EC%86%94%EB%B0%94%EC%9A%B0%EB%86%8D%EC%9B%90%201220%20%EB%B2%84%EC%8A%A4%EC%A0%95%EB%A5%98%EC%9E%A5,"https://map.kakao.com/link/roadview/37.99585,127.68348",,,,,,,
163,1224,250001045,인람리(하우스),Illam-ri (House),127.65946,37.99083,TAGO·카카오맵,인람종점 방면,인람종점 방면,https://map.kakao.com/link/search/%EC%9D%B8%EB%9E%8C%EB%A6%AC(%ED%95%98%EC%9A%B0%EC%8A%A4)%201224%20%EB%B2%84%EC%8A%A4%EC%A0%95%EB%A5%98%EC%9E%A5,"https://map.kakao.com/link/roadview/37.99083,127.65946",,,,,,,
